Date,Close,High,Low,Open,Volume
2018-01-02,40.34187698364258,40.35124665651499,39.63930160450471,39.85007636233597,102223600
2018-01-03,40.33487319946289,40.87820016669004,40.27164395425679,40.405131489843654,118071600
2018-01-04,40.52222442626953,40.62526943467592,40.299742834565635,40.40746910809244,89738400
2018-01-05,40.98357391357422,41.070223754905165,40.526900518948345,40.61823519787352,94640000
2018-01-08,40.83134460449219,41.1264250065992,40.73298089697299,40.83134460449219,82271200
2018-01-09,40.82666778564453,40.997626844556606,40.61121170113573,40.87819028123188,86336000
2018-01-10,40.81731033325195,40.81965453960698,40.51520431273331,40.552675879560745,95839600
2018-01-11,41.04914855957031,41.09833042205364,40.86413856419507,40.88755560589044,74670800
2018-01-12,41.47304153442383,41.53627434620208,41.13580463625278,41.25992605384564,101672400
2018-01-16,41.262264251708984,42.01167748658843,41.25055394405002,41.66273032986267,118263600
2018-01-17,41.94375991821289,41.97888726477312,40.99996709013325,41.25289113233468,137547200
2018-01-18,41.981231689453125,42.17795556841482,41.7446991964493,42.006992937085954,124773600
2018-01-19,41.79387664794922,42.056170360899095,41.547974505316795,41.829003993975064,129700400
2018-01-22,41.45195770263672,41.63462706087131,41.35828239145941,41.52221597276173,108434400
2018-01-23,41.4613151550293,42.02337762529229,41.40979624606809,41.52220731072736,130756400
2018-01-24,40.800899505615234,41.52221074603233,40.56202284665312,41.510500440238225,204420400
2018-01-25,40.07256317138672,40.97185891844492,39.93673148456798,40.86881394406632,166116000
2018-01-26,40.16623306274414,40.28098832757314,39.826655678167626,40.28098832757314,156572000
2018-01-29,39.334861755371094,39.850083072126374,39.126431167404846,39.850083072126374,202561600
2018-01-30,39.10301208496094,39.196687392224455,38.5713956038565,38.76577526123802,184192800
2018-01-31,39.21074295043945,39.44727902539494,38.99294622732507,39.07959607542636,129915600
2018-02-01,39.2927131652832,39.48943348596959,39.05383644817289,39.149855976180945,188923200
2018-02-02,37.587791442871094,39.063200793643205,37.49411613346626,38.875846601349544,346375200
2018-02-05,36.6486930847168,38.37937114734426,36.53393776298106,37.25993410945991,290954000
2018-02-06,38.1802978515625,38.34189080334102,36.06554568586119,36.25992535441477,272975200
2018-02-07,37.36296844482422,38.266949183640655,37.252901556247814,38.19435027749091,206434400
2018-02-08,36.334877014160156,37.70490125305987,36.3067751256856,37.53862340811967,217562000
2018-02-09,36.77928924560547,37.12730529106897,35.32843481182689,36.93448689935861,282690400
2018-02-12,38.26070785522461,38.538179142646804,37.03794256921059,37.270739013104965,243278000
2018-02-13,38.64400863647461,38.74041964665234,38.01146342597023,38.0820081550772,130196800
2018-02-14,39.35648727416992,39.39646176761508,38.3006812833972,38.33830201437041,162579600
2018-02-15,40.67802429199219,40.701536806482075,39.73978777414594,39.925552067246045,204588800
2018-02-16,40.54634475708008,41.10834882844967,40.3911506581798,40.52988635346286,160704400
2018-02-20,40.40995407104492,40.976654782310895,40.308839143672124,40.45698268440411,135722000
2018-02-21,40.22654342651367,40.943737915034774,40.21243161204451,40.64040028293785,149886400
2018-02-22,40.562801361083984,40.903763321580946,40.37703706692749,40.39819940650478,123967600
2018-02-23,41.268245697021484,41.303516266669185,40.807356587986256,40.83792680705018,135249600
2018-02-26,42.08420181274414,42.18296298826137,41.43519826446505,41.46811865630413,152648800
2018-02-27,41.94782638549805,42.43928220604922,41.893743640494264,42.114782147972065,155712400
2018-02-28,41.884315490722656,42.472182050329934,41.86785709284107,42.15238249838146,151128400
2018-03-01,41.150657653808594,42.274658187251276,40.60041543545601,41.98307509274821,195208000
2018-03-02,41.43519592285156,41.4563582618264,40.55104215533317,40.63334492430652,153816000
2018-03-05,41.57863998413086,41.79497451115357,41.03780187254719,41.20005366482767,113605600
2018-03-06,41.543365478515625,41.914897680952514,41.41638784408837,41.83494866712595,95154000
2018-03-07,41.15772247314453,41.350544470010895,40.97901229082367,41.136560133406576,126814000
2018-03-08,41.606834411621094,41.649159071693454,41.16711147662721,41.263518842809326,95096400
2018-03-09,42.32170486450195,42.3264088034686,41.71267573229615,41.846711082439775,128740800
2018-03-12,42.73085403442383,42.88840187598345,42.37578384715246,42.39459242365057,128828400
2018-03-13,42.31935501098633,43.1494226362358,42.147698911966,42.935438262301844,126774000
2018-03-14,41.95957946777344,42.44868505468864,41.81143589243283,42.40165643034284,117473600
2018-03-15,42.00895309448242,42.382839043917734,41.87257117709006,41.97368252757985,90975200
2018-03-16,41.86081314086914,42.119472337041785,41.766752315671596,42.008953109968175,157618800
2018-03-19,41.22121047973633,41.73147830463949,40.835570098387464,41.696207740634804,133787200
2018-03-20,41.20710754394531,41.573935808897474,41.13656281882672,41.20710754394531,78597600
2018-03-21,40.2735710144043,41.17182942442222,40.271217251359516,41.16007137335858,148219600
2018-03-22,39.70451736450195,40.60512596898789,39.64573069596585,39.974934604546604,165963200
2018-03-23,38.785091400146484,39.95612078420119,38.785091400146484,39.59634667471418,164115200
2018-03-26,40.62629318237305,40.70389201786306,39.137814257363395,39.52110449652672,150164800
2018-03-27,39.584590911865234,41.18593921489509,39.2506830596845,40.8402733112041,163690400
2018-03-28,39.147216796875,39.979638021810935,38.8438791699243,39.32828073826218,166674000
2018-03-29,39.452911376953125,40.386444023671224,39.24598114149307,39.45996549061165,153594000
2018-04-02,39.19424057006836,39.72567427739345,38.67456850050801,39.18483628313078,150347200
2018-04-03,39.596343994140625,39.68099693111579,38.77098054967254,39.41998400778011,121112000
2018-04-04,40.353519439697266,40.44757667074519,38.7451171076255,38.77098338437168,138422000
2018-04-05,40.63335418701172,40.9696122764427,40.46404826051155,40.581621621244764,107732800
2018-04-06,39.59400177001953,40.55810106955422,39.55167349900567,40.20303085074771,140021200
2018-04-09,39.986698150634766,40.70154255952048,39.93966952695415,39.946723641103546,116070800
2018-04-10,40.73917007446289,40.91553011807529,40.33471742073413,40.68038339325876,113634400
2018-04-11,40.54869842529297,40.89671454438979,40.37468857171758,40.49931603844929,89726400
2018-04-12,40.94844055175781,41.15066682941306,40.68977778218014,40.77678448906721,91557200
2018-04-13,41.087181091308594,41.34819406678015,40.88025443918927,41.09893914369185,100497200
2018-04-16,41.34349060058594,41.430493723168546,41.1106940979349,41.15772271587,86313600
2018-04-17,41.91255569458008,42.077157692869186,41.48223673530354,41.50104890483007,106421600
2018-04-18,41.81849670410156,42.04894309999487,41.592757835867026,41.81144258872265,83018000
2018-04-19,40.63335418701172,41.242383334476784,40.60043378952859,40.85909303030914,139235200
2018-04-20,38.968509674072266,40.26181646642475,38.90031512480177,40.11602666710039,261964400
2018-04-23,38.85564422607422,39.25068898244387,38.585223352747136,39.22952663936423,146062000
2018-04-24,38.31479263305664,39.11193956870417,37.910340140652,38.95674193109598,134768000
2018-04-25,38.48175811767578,38.89796880402129,38.19017849013432,38.23955729051611,113528400
2018-04-26,38.61578369140625,38.97085384618492,38.415907600882896,38.59226759085532,111852000
2018-04-27,38.169002532958984,38.641645965443644,37.77160415594993,38.564047147324764,142623200
2018-04-30,38.86033630371094,39.33062963053425,38.05613514540948,38.12432968710872,169709600
2018-05-01,39.763301849365234,39.786814362656344,38.86268970628452,39.1307567565656,214277600
2018-05-02,41.51984786987305,41.79731920902319,40.868490610877785,41.20474861558211,266157600
2018-05-03,41.595096588134766,41.73853620820341,41.01898793273085,41.357599730142326,136272800
2018-05-04,43.227012634277344,43.32577380478561,41.896081625328584,41.91489378943303,224805200
2018-05-07,43.539764404296875,44.12998133734006,43.4433533948992,43.544464754959726,169805600
2018-05-08,43.74903106689453,43.78900556327997,43.18938094139274,43.49977621410719,113611200
2018-05-09,44.05707931518555,44.066483603045754,43.5538655954105,43.86661109054945,92844800
2018-05-10,44.68727493286133,44.76487377033595,44.12527449301821,44.14644042182307,111957200
2018-05-11,44.51730728149414,44.86430604769044,44.24820656504485,44.729757490410215,104848800
2018-05-14,44.413448333740234,44.739203197154275,44.34499442861878,44.61645441353766,83115200
2018-05-15,44.009803771972656,44.15851859124368,43.69349302796125,44.090061076831134,94780800
2018-05-16,44.420528411865234,44.48662667958038,43.905933713378666,43.92245918077974,76732400
2018-05-17,44.139644622802734,44.59286690401592,43.99092976735025,44.37805735767134,69176000
2018-05-18,43.9791145324707,44.33319468202338,43.93662664343136,44.186842706146265,73190800
2018-05-21,44.29069900512695,44.6778264231584,44.12074027507521,44.37803760738811,73603200
2018-05-22,44.17975997924805,44.585772159242794,44.09005852495706,44.46774544649757,60962800
2018-05-23,44.46302032470703,44.49606765793709,43.84928001970395,43.98855426864203,80233600
2018-05-24,44.413448333740234,44.57632576544726,43.95550773688488,44.55980389947556,92936000
2018-05-25,44.51495361328125,44.76752889537215,44.29542206345939,44.432333476940805,69844000
2018-05-29,44.354427337646484,44.555074145414395,44.11129265165306,44.28361420727063,90056400
2018-05-30,44.26001739501953,44.37804410807291,44.0900586400715,44.311949436914176,74762000
2018-05-31,44.11130905151367,44.432341902163905,43.93899103371972,44.19392920352048,109931200
2018-06-01,44.906803131103516,44.91152160606056,44.319028828916046,44.37568294540412,93770000
2018-06-04,45.282135009765625,45.657459141289145,45.168830359131896,45.23728427671126,105064800
2018-06-05,45.631500244140625,45.780215097624364,45.40725014573324,45.5748497109205,86264000
2018-06-06,45.789649963378906,45.8132567505479,45.30338040357382,45.70703341206747,83734400
2018-06-07,45.66690444946289,45.84158170653918,45.402522122123386,45.82741907508867,85388800
2018-06-08,45.251434326171875,45.3222510638369,44.7958530105306,45.12632631711552,106627200
2018-06-11,45.1405029296875,45.31518378979561,44.899730989674985,45.16883179466369,73234000
2018-06-12,45.388362884521484,45.466260965214005,45.121621299291675,45.178275431219944,67644400
2018-06-13,45.015384674072266,45.52998298208297,44.95401208400588,45.42139682839254,86553600
2018-06-14,45.039005279541016,45.22076746999145,44.90209382716578,45.21604539180188,86440400
2018-06-15,44.57632064819336,44.88791284732184,44.43940925177831,44.8572247544683,246876800
2018-06-18,44.55271911621094,44.66602373740214,44.189194870467745,44.34971305222017,73939600
2018-06-19,43.832763671875,43.98383772878582,43.304002671742296,43.70293356002438,134314000
2018-06-20,44.023963928222656,44.18920060596678,43.8422017817594,43.98855735509514,82514800
2018-06-21,43.77846908569336,44.46066332896541,43.655720298126006,44.20100312485936,102847600
2018-06-22,43.651004791259766,43.94134953454159,43.599072742622056,43.93426821899007,108801600
2018-06-25,43.00185775756836,43.65100476323305,42.661940203754284,43.292202500663755,126652400
2018-06-26,43.53533172607422,44.0310453625436,43.08919089400755,43.19541781745774,98276800
2018-06-27,43.471595764160156,44.20808123235867,43.44090766902219,43.7241710335686,101141200
2018-06-28,43.78791809082031,43.95551763707772,43.38662791764364,43.45744467806071,69460800
2018-06-29,43.69584655761719,44.186838079143044,43.17652977969784,43.97438785052433,90950800
2018-07-02,44.18447494506836,44.21280380316202,43.29691543239838,43.39133895622868,70925200
2018-07-03,43.414939880371094,44.36623477197079,43.32523843786457,44.328465364400785,55819200
2018-07-05,43.76430130004883,44.0027175522278,43.499922630270966,43.7312539663266,66416800
2018-07-06,44.370967864990234,44.47955043635213,43.71709879140897,43.76903083923939,69940800
2018-07-09,44.98706817626953,45.01067136078783,44.68492004007203,44.73213001099853,79026400
2018-07-10,44.932769775390625,45.15229772629047,44.89263752447302,45.01774915035912,63756400
2018-07-11,44.349727630615234,44.79822778826358,44.285992184418,44.49607963117393,75326000
2018-07-12,45.093284606933594,45.18298605928237,44.6872724357298,44.73920447636443,72164400
2018-07-13,45.16410446166992,45.284490417668366,45.06259961093862,45.1050911025137,50055600
2018-07-16,45.0649528503418,45.47568343736199,44.94928539435594,45.208945560083855,60172400
2018-07-17,45.19242477416992,45.29156677447239,44.6613045999065,44.7911346962154,62138000
2018-07-18,44.9445686340332,45.27504557512844,44.83362324118064,45.270323498314276,65573600
2018-07-19,45.29393005371094,45.452085408245445,44.776972502771265,44.776972502771265,81147200
2018-07-20,45.1900634765625,45.423754037375545,44.8902746500053,45.2703207681167,82704800
2018-07-23,45.23020553588867,45.31282569115405,44.746295201955945,45.010673935781,63957600
2018-07-24,45.558311462402344,45.71410758885159,45.33406142687722,45.42848135702797,74791600
2018-07-25,45.98794174194336,45.995023058352196,45.42377045417711,45.5724853025433,66839600
2018-07-26,45.84394454956055,46.25703810904912,45.70231103126561,45.93836449383051,76304000
2018-07-27,45.081485748291016,46.075272332840846,44.873761166756026,46.028062364396064,96096000
2018-07-30,44.82889938354492,45.36946005245888,44.63061540382976,45.29864331630665,84118000
2018-07-31,44.918601989746094,45.35530224080693,44.69435196969696,44.92096482906494,157492000
2018-08-01,47.56477355957031,47.62614616425708,46.575708957389,47.00532799586654,271742800
2018-08-02,48.95511245727539,49.18880661029049,47.29329817483464,47.347589446060375,249616000
2018-08-03,49.09675979614258,49.273799888813365,48.504263314128146,48.87014689269242,133789600
2018-08-06,49.35167694091797,49.39416481615448,48.87957022821877,49.09909812071748,101701600
2018-08-07,48.88902282714844,49.45319034379685,48.80640269130763,49.4107024580885,102349600
2018-08-08,48.92207717895508,49.05426653375146,48.27765227337783,48.638813761264295,90102000
2018-08-09,49.30683898925781,49.519285624205786,48.91026737496181,49.46027226984365,93970400
2018-08-10,49.15998077392578,49.531886186769725,48.95626269114678,49.11971138267579,98444800
2018-08-13,49.47739028930664,49.970103770435536,49.20023963389439,49.581618627654095,103563600
2018-08-14,49.68584442138672,49.877717664190016,49.33289004179024,49.7829666057384,82992000
2018-08-15,49.80192947387695,49.92037013258283,49.34948529013519,49.56030951805078,115230400
2018-08-16,50.53152084350586,50.64759036765416,50.09328899102739,50.15961546611837,114001600
2018-08-17,51.54063415527344,51.6282790804215,50.49361923351846,50.559945708958374,141708000
2018-08-20,51.0384521484375,51.91964735679999,50.95554223843427,51.66381870520836,121150800
2018-08-21,50.938961029052734,51.44825807142593,50.699712180328966,51.3558744947383,104639200
2018-08-22,50.94132995605469,51.25164391525928,50.65470196077252,50.71629341891963,76072400
2018-08-23,51.04555130004883,51.41508554003786,50.83472709315654,50.84656826622869,75532800
2018-08-24,51.204254150390625,51.37954396991234,50.955528103897144,51.30848248336093,73905600
2018-08-27,51.62591552734375,51.81542130649859,51.2445364570589,51.43877726016409,82100400
2018-08-28,52.04281997680664,52.24179939784103,51.85805285520017,51.87937130434206,91107200
2018-08-29,52.819786071777344,52.94059783620013,51.974121793425,52.14941162490679,109019200
2018-08-30,53.30541229248047,54.07053807523571,52.68241315738713,52.88376375972822,195175200
2018-08-31,53.92129898071289,54.215029520302,53.535181251323905,53.65598942991082,173360400
2018-09-04,54.094215393066406,54.28845618519026,53.68441174415916,54.10606018131684,109560400
2018-09-05,53.74126052856445,54.40452890571395,53.321983221015245,54.24345135322492,133332000
2018-09-06,52.84821319580078,53.85495860116818,52.421826183564434,53.58964911882037,137160000
2018-09-07,52.42182922363281,53.38593417642667,52.282070132620795,52.552114653610786,150479200
2018-09-10,51.71829605102539,52.55211926147395,51.27769667661744,52.33892391703804,158066000
2018-09-11,53.02587890625,53.13247476524067,51.29901225541865,51.64248940750935,142996000
2018-09-12,52.36735534667969,53.29829720285223,52.07598871951485,53.28408490192167,197114800
2018-09-13,53.632286071777344,54.09183628702633,52.72266291565708,52.94769938609272,166825600
2018-09-14,53.023521423339844,53.734165485493506,52.71083991554399,53.4759656770631,127997200
2018-09-17,51.6116943359375,52.812680543493926,51.46719661085651,52.62317479698291,148780400
2018-09-18,51.696983337402344,52.55212509282721,51.43167378696617,51.590383846094824,126286800
2018-09-19,51.72776412963867,52.023865730627165,51.00054047716211,51.75855985278835,108495200
2018-09-20,52.120994567871094,52.6539775175976,51.912537857553254,52.17074123356856,106435200
2018-09-21,51.5595817565918,52.43604179491919,51.47193322259395,52.29865021482136,384986800
2018-09-24,52.30103302001953,52.41236754654215,51.31560932573556,51.360617361715676,110773600
2018-09-25,52.632659912109375,52.781896297075804,52.042824137047674,52.05466892569171,98217600
2018-09-26,52.21337127685547,53.00218637259011,52.057028764651164,52.350762852927,95938800
2018-09-27,53.28644561767578,53.63940004203078,52.95244213031854,53.018772217071486,120724800
2018-09-28,53.47359085083008,53.49727681428195,53.06615468842779,53.24855070364349,91717600
2018-10-01,53.833641052246094,54.34530550981975,53.618081823828625,53.99708972184782,94403200
2018-10-02,54.3121452331543,54.48270006163944,53.68441122173111,53.83127647394593,99152800
2018-10-03,54.9730339050293,55.30466621213199,54.430573813635746,54.494532763763075,114619200
2018-10-04,54.006561279296875,55.03936374636723,53.70808857005446,54.66745842279414,128168000
2018-10-05,53.13010787963867,54.10606134298205,52.25128023622536,53.99946547548334,134322000
2018-10-08,53.006927490234375,53.25091493076167,52.161259546536,52.6373932546599,118655600
2018-10-09,53.74126052856445,53.83601521931259,52.64687005570699,52.976134925197805,107564000
2018-10-10,51.251644134521484,53.618089896183506,51.178211501360096,53.40726565940441,167962400
2018-10-11,50.79920196533203,51.995453439346754,50.294647175709244,50.81578539388251,212497600
2018-10-12,52.613704681396484,52.79610429097438,51.36533924220412,52.21337471372891,161351600
2018-10-15,51.488525390625,52.54738521166853,51.46720693867647,52.38867515629245,123164000
2018-10-16,52.62317657470703,52.82215960325249,51.34638657960489,51.86041853976065,116736000
2018-10-17,52.39577865600586,52.73925583993557,51.95754677733972,52.658717060301136,91541600
2018-10-18,51.17109680175781,52.05229548152065,50.45571430054784,51.60695750381726,130325200
2018-10-19,51.95043182373047,52.412349586914395,51.505093870239605,51.654330230084184,132314800
2018-10-22,52.26784896850586,52.9097987783504,51.86278403497411,52.06413093878424,115168400
2018-10-23,52.76057052612305,52.88374981323003,50.858413991095595,51.12609101465835,155071200
2018-10-24,50.95078659057617,53.11588104531041,50.82050118171757,52.72976707026525,163702000
2018-10-25,52.06651306152344,52.440785967945864,51.34402433755995,51.57143198729936,119423200
2018-10-26,51.237422943115234,52.15889100212485,50.37754271730806,51.142668259894265,189033600
2018-10-29,50.27568435668945,52.04044917639347,48.81886231052137,51.92200853594996,183742000
2018-10-30,50.52678298950195,50.9721173842347,49.57215162121228,50.017486015945025,146640000
2018-10-31,51.84384536743164,52.220485795314765,51.31322991423812,51.374821370171105,153435600
2018-11-01,52.63975524902344,52.672918481701075,51.358226731764,51.88884206912743,233292800
2018-11-02,49.14813995361328,50.60969740380274,48.66253247834884,49.6384860677963,365314800
2018-11-05,47.752899169921875,48.41616751574769,46.94276557852468,48.394849066781845,264654800
2018-11-06,48.26930618286133,48.49434270740384,47.77659261786653,47.83107430781383,127531600
2018-11-07,49.73323059082031,49.759287679647485,48.354583238431374,48.790443983793224,133697600
2018-11-08,49.55970764160156,49.947168944767455,49.146094704463344,49.9138899930759,101450400
2018-11-09,48.60411834716797,48.97018679479443,48.076406695494214,48.86084322856062,137463200
2018-11-12,46.155731201171875,47.505913628533506,46.06540106061656,47.30386051217571,204542000
2018-11-13,45.694576263427734,46.871229325293164,45.50916444166148,45.55195373821801,187531600
2018-11-14,44.40381622314453,46.22941032271207,44.197007977877064,46.091539368244774,243204000
2018-11-15,45.499656677246094,45.632772481899075,44.427592041015245,44.7817780140005,185915200
2018-11-16,46.00358200073242,46.34588175173916,45.0361133141964,45.28332778596097,147713200
2018-11-19,44.18037796020508,45.33088300072915,43.97357330630078,45.16448824315479,167701200
2018-11-20,42.069522857666016,43.13683212021404,41.72009212284798,42.39993653439014,271300800
2018-11-21,42.02199172973633,42.851593398381944,41.967319942049606,42.72322913338936,124496800
2018-11-23,40.95467758178711,41.97920130450926,40.90951614402539,41.58460546368542,94496000
2018-11-26,41.50853729248047,41.58698130630447,40.47213107904219,41.41821078967106,179994000
2018-11-27,41.418212890625,41.54419774818144,40.61951445051487,40.76926791438119,165549600
2018-11-28,43.010860443115234,43.09405601720492,41.582233893965245,42.01010876415271,184250000
2018-11-29,42.68043518066406,43.452985511934024,42.24067431047254,43.41970656582618,167080000
2018-11-30,42.44985580444336,42.86584441960787,42.08140801987108,42.856334077209695,158126000
2018-12-03,43.93315124511719,43.961675016479376,43.07502606102216,43.847576303897945,163210000
2018-12-04,42.00059509277344,43.35552893478612,41.90075824411287,43.01322909530219,165377200
2018-12-06,41.53232192993164,41.5465838226807,40.510177299680045,40.82870499485733,172393600
2018-12-07,40.05139923095703,41.4776464121021,40.00623415654597,41.23993854857792,169126400
2018-12-10,40.315250396728516,40.431724914888164,38.82482125087968,39.22179290135247,248104000
2018-12-11,40.08466720581055,40.83582109215089,39.697202333726885,40.80492154480871,189126800
2018-12-12,40.19639587402344,40.86673007468708,40.17737881219227,40.50541315416228,142510800
2018-12-13,40.636146545410156,41.02123563706542,40.3033570855926,40.52680299166999,127594400
2018-12-14,39.33588790893555,40.19163748722616,39.28834707172682,40.172620426916,162814800
2018-12-17,38.96982192993164,40.018114322657276,38.68219386191158,39.32875944469472,177151600
2018-12-18,39.476131439208984,39.8231827551535,39.07678049611825,39.31211249617883,135366000
2018-12-19,38.24481201171875,39.804174771228425,37.81693719913778,39.45949914866977,196189200
2018-12-20,37.279727935791016,38.534825274918376,36.91603516292652,38.128343196763346,259092000
2018-12-21,35.82969665527344,37.59586754353606,35.56822024442438,37.286846669684195,382978400
2018-12-24,34.90264129638672,36.0246225500154,34.84559011112074,35.216413747515475,148676800
2018-12-26,37.36052703857422,37.374788923388145,34.87648174948443,35.25206043382508,234330000
2018-12-27,37.118072509765625,37.265453816149545,35.672812239071256,37.044383670140306,212468400
2018-12-28,37.1370964050293,37.68144941294603,36.73774895789092,37.43898639024977,169165600
2018-12-31,37.496036529541016,37.88112207522634,37.196522325444576,37.68382412991746,140014000
2019-01-02,37.538818359375,37.759888517261295,36.66167592649953,36.81856395762742,148158800
2019-01-03,33.7996711730957,34.63877937995314,33.75450611274441,34.225166520409374,365248800
2019-01-04,35.242557525634766,35.31149481961843,34.18238275669409,34.35590843708306,234428400
2019-01-07,35.16411209106445,35.37805128112703,34.681565561258495,35.3471481073425,219111200
2019-01-08,35.8344612121582,36.088810372731615,35.30437368047146,35.55158826801926,164101200
2019-01-09,36.4429817199707,36.73298552202173,35.56821876942101,35.96281095519444,180396400
2019-01-10,36.55946350097656,36.599873395186364,35.860601928696866,36.250442609046516,143122800
2019-01-11,36.20053482055664,36.535703833082636,36.01512294706029,36.34078523944007,108092800
2019-01-14,35.656166076660156,35.95805596503972,35.47075430323214,35.858219135281004,129756800
2019-01-15,36.38594436645508,36.46200899658063,35.668065603886845,35.720361623969346,114843600
2019-01-16,36.830448150634766,37.05389406927528,36.36929442529299,36.38831148508509,122278800
2019-01-17,37.049137115478516,37.47701187238664,36.43109539692976,36.65454130482251,119284800
2019-01-18,37.277339935302734,37.52930962970912,37.077662621334206,37.43897950260748,135004000
2019-01-22,36.440608978271484,37.2559450474709,36.278965777015756,37.17988043233495,121576000
2019-01-23,36.587989807128906,36.87799365821248,36.0602781192315,36.64266159399864,92522400
2019-01-24,36.297977447509766,36.72109700768508,36.06978000885468,36.63314628936311,101766000
2019-01-25,37.50078201293945,37.58873636724454,36.683070210489795,36.95880850768255,134142000
2019-01-28,37.15372848510742,37.16085942867184,36.526180061507155,37.032495190246195,104768400
2019-01-29,36.768646240234375,37.58874117410674,36.633154660160066,37.14184928285267,166348800
2019-01-30,39.281211853027344,39.49514741075342,38.087917745132394,38.80579627840674,244439200
2019-01-31,39.564090728759766,40.17262217665651,39.117198859839675,39.485646711738674,162958400
2019-02-01,39.58311080932617,40.1678700686223,39.44286042612328,39.68770283999932,130672400
2019-02-04,40.70745086669922,40.804911911548764,39.763750839648075,39.79465400682776,125982000
2019-02-05,41.4039421081543,41.61788130053395,40.96894003396188,41.09016970398383,144406400
2019-02-06,41.418212890625,41.734364734328345,41.087799157709014,41.51567034262258,112958400
2019-02-07,40.6337776184082,41.34690111854977,40.491151467526414,40.9808290239489,126966800
2019-02-08,40.6815185546875,40.7412003774685,40.20644993398255,40.34252623841414,95280000
2019-02-11,40.44756317138672,40.87250110070133,40.40459400749151,40.83430385989045,83973600
2019-02-12,40.796112060546875,40.82237221177081,40.51202596349423,40.60751907825849,89134000
2019-02-13,40.62660598754883,41.17567944962109,40.56453820729998,40.91546759362625,89960800
2019-02-14,40.774627685546875,40.88444021472851,40.4356353224416,40.514415776518796,87342800
2019-02-15,40.683895111083984,40.989465681666935,40.52394830012951,40.88203915403346,98507200
2019-02-19,40.8056640625,40.927417341950274,40.46189973940875,40.51442004766372,75891200
2019-02-20,41.068260192871094,41.37622047276301,40.819985385123545,40.86773012014925,104457600
2019-02-21,40.836692810058594,41.149425001369984,40.65526136696296,41.01335232972067,68998800
2019-02-22,41.29266357421875,41.29982510218546,40.913088021224546,40.96083275523248,75652800
2019-02-25,41.59346008300781,41.984972743412,41.52661672459904,41.57675106475054,87493600
2019-02-26,41.61732864379883,41.84889440507273,41.34040411487695,41.469318890580624,68280800
2019-02-27,41.74625778198242,41.777293508535564,41.235381309928535,41.34997308057512,111341600
2019-02-28,41.33562088012695,41.75578316128007,41.2807146339085,41.61493496143382,112861600
2019-03-01,41.770118713378906,41.81308788170758,41.273565459672234,41.60539628273946,103544800
2019-03-04,41.980194091796875,42.43377447154785,41.53138563496045,41.941996852345,109744800
2019-03-05,41.90380096435547,42.01600308218327,41.66745963565002,42.001680027599186,78949600
2019-03-06,41.66269302368164,41.894258816148955,41.52423074056893,41.69850066470656,83241600
2019-03-07,41.18045425415039,41.64358574279544,41.065866184004825,41.5075094498127,99185600
2019-03-08,41.27833557128906,41.31653281099356,40.46427465819731,40.66003277966587,95997600
2019-03-11,42.708309173583984,42.76082946689261,41.860830238999526,41.894251912678726,128044000
2019-03-12,43.18816375732422,43.60832256244585,42.82052161548895,42.97092100466611,129870400
2019-03-13,43.379127502441406,43.75870293208949,43.19053094676493,43.508038606641094,124130000
2019-03-14,43.86137008666992,43.94970167331341,43.58205955555263,43.9019532945051,94318000
2019-03-15,44.43192672729492,44.720788381391955,43.86375819430227,44.12874565980989,156171600
2019-03-18,44.88551330566406,44.97384125151117,44.35314874059598,44.35553834520154,104879200
2019-03-19,44.52981185913086,45.11708273704642,44.384188031378365,44.9642973802807,126585600
2019-03-20,44.91893768310547,45.236445486064724,44.10010100332841,44.45819201742965,124140800
2019-03-21,46.573307037353516,46.8693301940771,45.31282721306185,45.362961547719905,204136800
2019-03-22,45.60885238647461,47.19400154727684,45.544394994118264,46.63299092298744,169630800
2019-03-25,45.0573844909668,45.830858484229445,44.54650829883213,45.71865638029758,175381200
2019-03-26,44.59187316894531,46.04572527279197,44.064287847400074,45.75447765967055,199202000
2019-03-27,44.9929313659668,45.300887958578926,44.534575419245186,45.05977471386228,119393600
2019-03-28,45.0526123046875,45.25314234444775,44.768526260349205,45.107518558807506,83121600
2019-03-29,45.34625244140625,45.37728815780185,45.00964605534381,45.31760632946552,94256000
2019-04-01,45.654212951660156,45.759249910216006,44.97145268625358,45.74970242041629,111448000
2019-04-02,46.31787109375,46.42291168705589,45.60885073162473,45.61839822070278,91062800
2019-04-03,46.6353874206543,46.90992240513501,46.11018435743706,46.13405854856153,93087200
2019-04-04,46.71654510498047,46.87887791765802,46.107789772060734,46.50168835311438,76457200
2019-04-05,47.0292854309082,47.053159621705504,46.77384543159934,46.897984666903184,74106400
2019-04-08,47.769344329833984,47.80037640839409,46.871727159923644,46.890825785101555,103526800
2019-04-09,47.62609100341797,48.425828825713914,47.561633619701,47.821849115932814,143072800
2019-04-10,47.89346694946289,47.9221167008103,47.310971788819316,47.430335431813845,86781200
2019-04-11,47.49477767944336,47.98416918825925,47.37302811376625,47.94836156385073,83603200
2019-04-12,47.4756965637207,47.77888125198127,46.8406847198041,47.55447700914382,111042800
2019-04-15,47.5616340637207,47.70964745151515,47.27038649628247,47.40646279176766,70146400
2019-04-16,47.5664176940918,48.07251843814989,47.40169526328692,47.61655203321536,102785600
2019-04-17,48.492679595947266,48.55236142338571,47.413631135907046,47.63564578548703,115627200
2019-04-18,48.66695022583008,48.73617954389049,48.34705650031418,48.49029070265323,96783200
2019-04-22,48.82689666748047,48.92477573931631,48.30408327313111,48.42106096698539,77758000
2019-04-23,49.53114318847656,49.5956005846408,48.676498948258654,48.80302413607264,93292000
2019-04-24,49.45475769042969,49.76987589179635,49.428497536758286,49.502502430916735,70162400
2019-04-25,49.00593566894531,49.59797830244953,48.967738429960725,49.3759636808939,74172800
2019-04-26,48.77198791503906,48.93909629580391,48.25156050901197,48.91522210882772,74596400
2019-04-29,48.845985412597656,49.170654635881924,48.666939965404616,48.795851084600464,88818800
2019-04-30,47.90541076660156,48.55713532887878,47.532996731014585,48.47596891449491,186139600
2019-05-01,50.25687026977539,51.400372389710334,49.948910024794905,50.10408494939952,259309200
2019-05-02,49.92981719970703,50.76536281433166,49.68631795761022,50.09453963227768,127985200
2019-05-03,50.550514221191406,50.57199880753566,50.18764764460908,50.3452085631805,83569600
2019-05-06,49.769866943359375,49.85580891786009,48.581005998340764,48.76959896429785,129772400
2019-05-07,48.42822265625,49.51681861609969,47.943606504322965,49.149180158416655,155054800
2019-05-08,48.437774658203125,49.020269936554875,48.16323968091457,48.19904732397306,105358000
2019-05-09,47.917335510253906,48.14651163799503,46.94810342574412,47.84094103921428,139634400
2019-05-10,47.2535285949707,47.65374175144033,46.196689560280035,47.31104511214,164834800
2019-05-13,44.507179260253906,45.40824941119822,43.819394496538976,44.98407744370745,229722400
2019-05-14,45.21174240112305,45.46097333316388,44.43289071050813,44.67253738454349,146118800
2019-05-15,45.75333023071289,45.952237355333416,44.57906330726603,44.63897495961979,106178800
2019-05-16,45.55202865600586,46.12478391503551,45.25486553934923,45.51128917058567,132125600
2019-05-17,45.293216705322266,45.74854387618077,44.75640689461861,44.79714638618235,131516400
2019-05-20,43.87689208984375,44.17884912531416,43.20348577536874,43.979942022228364,154449200
2019-05-21,44.718055725097656,45.05355949267553,44.262725004279886,44.38734225654459,113459200
2019-05-22,43.8026123046875,44.50477885718109,43.74749460169806,44.253149155342534,118994400
2019-05-23,43.05491638183594,43.265802939260645,42.611568633482584,43.08846676529334,146118800
2019-05-24,42.88956069946289,43.64924013152873,42.805682910338874,43.18432505134615,94858800
2019-05-28,42.71222686767578,43.277793180269335,42.63554183136246,42.8775836623965,111792800
2019-05-29,42.50851058959961,42.98061463428665,42.17779714637082,42.278448268936856,113924800
2019-05-30,42.7289924621582,42.9518620603252,42.33836730703267,42.64511468367893,84873600
2019-05-31,41.954952239990234,42.654720210480356,41.935780063943,42.232939650878485,108174400
2019-06-03,41.530757904052734,42.637924063031484,40.80462897423978,42.08194583387988,161584400
2019-06-04,43.05012130737305,43.095654753036754,41.82313170796883,42.043606173066934,123872000
2019-06-05,43.745094299316406,44.33223146910396,43.40959047948128,44.16208075258354,119093600
2019-06-06,44.387351989746094,44.44726365114498,43.65163503254328,43.87450831444031,90105200
2019-06-07,45.56880569458008,45.99298125786859,44.519155931088335,44.69649209879013,122737600
2019-06-10,46.151153564453125,46.8197661273768,45.921091165173166,45.96662461499967,104883600
2019-06-11,46.6855583190918,46.9707383872319,46.395587951299646,46.697541381656485,107731600
2019-06-12,46.536983489990234,46.96355423391582,46.34526543888805,46.47946697764428,73012800
2019-06-13,46.52738571166992,47.160052586468986,46.39558300765433,46.65919207240241,86698400
2019-06-14,46.18948745727539,46.39318487526,45.60474916241707,45.90430741537999,75046000
2019-06-17,46.465091705322266,46.72151539195747,46.052899149208905,46.22784019068279,58676400
2019-06-18,47.55787658691406,47.998825541831906,46.78142378732344,46.98272609412711,106204000
2019-06-19,47.41887664794922,47.90056870581225,47.284675122657916,47.85263645530765,84496800
2019-06-20,47.799930572509766,48.07552280433807,47.457233903053336,48.01800628210752,86056000
2019-06-21,47.63694763183594,48.133017815490625,47.485969113903344,47.64174158739226,191202400
2019-06-24,47.58903121948242,47.967673357520425,47.49077521738597,47.57944330591722,72881600
2019-06-25,46.86770248413086,47.751995652655694,46.80059805023556,47.5530884714811,84281200
2019-06-26,47.88140106201172,48.1665811585655,47.29426750501623,47.3949186584968,104270000
2019-06-27,47.86701965332031,48.30557342924731,47.8262801646343,47.99882237571496,83598800
2019-06-28,47.43085479736328,47.80949686547988,47.222363424791055,47.612984897575586,124442400
2019-07-01,48.30077362060547,49.00533521929681,48.08508948363142,48.68899994775499,109012000
2019-07-02,48.58356475830078,48.679425613175255,48.255250015060284,48.26723307900931,67740800
2019-07-03,48.986175537109375,48.9933646445024,48.57398298189236,48.71537363624573,45448000
2019-07-05,48.94304275512695,49.14674390548091,48.62431221679531,48.73215615328759,69062000
2019-07-08,47.93412780761719,48.264837724616385,47.54829652385314,48.123447067370165,101354400
2019-07-09,48.22649383544922,48.29119579901545,47.64415056632906,47.73761261486467,82312000
2019-07-10,48.703392028808594,48.82321536456781,48.303182526178986,48.37268210868142,71588400
2019-07-11,48.34870910644531,48.98137608305649,48.339124849902824,48.72255727579953,80767200
2019-07-12,48.72016143798828,48.88791335049453,48.45654867782315,48.51646033634091,70380800
2019-07-15,49.177879333496094,49.33604330697741,48.88790534479947,48.909472660721896,67789600
2019-07-16,49.00773239135742,49.393563584814785,48.76808577819675,49.02929970892977,67467200
2019-07-17,48.73213577270508,49.14911850100448,48.7129636066072,48.89988765516557,56430000
2019-07-18,49.285728454589844,49.33845100749355,48.816019435097935,48.88791415785004,74162400
2019-07-19,48.55001449584961,49.487033785576166,48.4948967896062,49.31688305319296,83717200
2019-07-22,49.659576416015625,49.66197156596754,48.79445191010135,48.804036166626496,89111600
2019-07-23,50.04781723022461,50.064594254878486,49.67636410438202,49.956753968464454,73420800
2019-07-24,50.00705337524414,50.12208271428454,49.64758349111573,49.7674067858252,59966400
2019-07-25,49.61164855957031,50.14366439422553,49.542148986036345,50.05978660733076,55638400
2019-07-26,49.78418731689453,50.261081723206544,49.640397890405445,49.72187685894799,70475600
2019-07-29,50.24911117553711,50.47917358387077,49.95195164997363,49.956745607175016,86693600
2019-07-30,50.033416748046875,50.364130225486285,49.68113595426583,50.02862279217643,135742800
2019-07-31,51.05431365966797,53.05057041741711,50.63733088652627,51.86432039500686,277125600
2019-08-01,49.949546813964844,52.25015599273981,49.54454706892121,51.260414211398206,216071600
2019-08-02,48.89271926879883,49.47026501910301,48.31996381951147,49.254584458359176,163448400
2019-08-05,46.33326721191406,47.60578992028819,46.15113713416607,47.44762596235388,209572000
2019-08-06,47.210391998291016,47.466815679597666,46.501036276061356,47.0450352178922,143299200
2019-08-07,47.69926071166992,47.823877975536284,46.448308743686994,46.82934598449226,133457600
2019-08-08,48.75131607055664,48.7752821981534,47.783145217160964,47.97725841785462,108038000
2019-08-09,48.34959030151367,48.775373879354945,47.94064014742092,48.424162442131816,98478800
2019-08-12,48.22691345214844,48.60459007304801,47.90697188907775,48.02003408319341,89927600
2019-08-13,50.26923751831055,51.03180338880131,48.226905603803466,48.35680854512529,188874000
2019-08-14,48.77296829223633,49.66062487459382,48.73447826245235,48.87159761707856,146189600
2019-08-15,48.529998779296875,49.3478915876303,48.03204373725205,48.94375735403797,108909600
2019-08-16,49.6750602722168,49.83382890028056,49.035177258949965,49.14102301099248,110481600
2019-08-19,50.601200103759766,51.17372364887826,50.5242200506216,50.66614789415775,97654400
2019-08-20,50.60361099243164,51.32287831702901,50.593990319832756,50.728701759885844,107537200
2019-08-21,51.15207290649414,51.39503430979136,50.90189508225022,51.23626937835333,86141600
2019-08-22,51.10877227783203,51.58507439376936,50.697417947742494,51.28437796466057,89014800
2019-08-23,48.74649429321289,51.010137656792374,48.35198076612465,50.379875510990054,187272000
2019-08-26,49.672664642333984,49.8410539722565,49.32866588849532,49.52111241009767,104174400
2019-08-27,49.11214828491211,50.168194019276,48.96059610686594,50.00220899962749,103493200
2019-08-28,49.44170379638672,49.48741023576001,48.910074625153904,49.09770888213141,63755200
2019-08-29,50.27885055541992,50.35342635813325,49.713543433301666,50.15616772556869,83962000
2019-08-30,50.213905334472656,50.625256042475115,49.84344523456853,50.55549607776158,84573600
2019-09-03,49.482608795166016,49.79052167700322,49.12658521378133,49.658214500289326,80092000
2019-09-04,50.322139739990234,50.391899683095176,49.87229914291597,50.129693328148676,76752400
2019-09-05,51.3060302734375,51.47201529946035,50.88024307676292,50.99811740539344,95654800
2019-09-06,51.30121612548828,51.58026329846532,51.120798264261694,51.491258328188984,77449200
2019-09-09,51.52012634277344,52.06619212190076,50.774401351657886,51.681299198955934,109237600
2019-09-10,52.12873077392578,52.14797578532957,50.92835301132534,51.44554938683884,127111600
2019-09-11,53.78617858886719,53.81504794626473,52.37651337789359,52.45830560814016,177158400
2019-09-12,53.6658935546875,54.46694930230438,53.610566438121275,54.0772478950462,128906800
2019-09-13,52.62187194824219,53.11260687614232,52.205709143005315,52.922568359375,159053200
2019-09-16,52.89851760864258,52.95384839785664,52.335614739521375,52.37650901593333,84632400
2019-09-17,53.09096145629883,53.11983080987123,52.71088072465714,52.91295151722097,73274800
2019-09-18,53.588924407958984,53.60816942297296,52.78786855223211,53.17757001208415,101360000
2019-09-19,53.153507232666016,53.82706428771113,53.01157573050019,53.40608929300261,88242400
2019-09-20,52.37651443481445,53.538406069355176,52.313970888644974,53.25455035526527,221652400
2019-09-23,52.61467361450195,52.88409651689666,52.35727563619778,52.670000745398355,76662000
2019-09-24,52.36447525024414,53.52155814993142,52.24660460358803,53.17034311866597,124763200
2019-09-25,53.17034912109375,53.28341128066549,52.2345819095354,52.573768388250606,87613600
2019-09-26,52.89611053466797,53.14869627136216,52.641120547940574,52.92257196747614,75334000
2019-09-27,52.63871383666992,53.15350595673163,52.26825379467724,53.052468730289576,101408000
2019-09-30,53.877586364746094,54.0243263762996,53.11261270219493,53.139074136101655,103909600
2019-10-01,54.0267333984375,54.89995709155197,53.93291624988388,54.14220348174279,139223200
2019-10-02,52.672393798828125,53.78376662810997,52.424616563859,53.65867588561685,138449200
2019-10-03,53.11982727050781,53.15350512192271,51.75105661191216,52.54489220535052,114426000
2019-10-04,54.60888671875,54.724356813505494,53.858349455896516,54.27932454100421,138478800
2019-10-07,54.62089920043945,55.31129696176771,54.32741921974298,54.43086069028863,122306000
2019-10-08,53.98101806640625,54.86145803601952,53.96418097616012,54.322612418375925,111820000
2019-10-09,54.61370086669922,54.79652301742751,54.27932650525216,54.61370086669922,74770400
2019-10-10,55.34979248046875,55.433988949262805,54.67863966258363,54.830188167557914,113013600
2019-10-11,56.82200241088867,57.165997351667045,55.883827383054744,56.0377838024609,166795600
2019-10-14,56.74021530151367,57.283876824130715,56.45154744797599,56.506874566173074,96427600
2019-10-15,56.60791015625,57.168405084190226,56.50206442322086,56.86530439737924,87360000
2019-10-16,56.37937927246094,56.58866649343661,56.09792784143595,56.138822117334186,73903200
2019-10-17,56.59828186035156,56.807565391102926,56.17490262842623,56.55257541786321,67585200
2019-10-18,56.8701171875,57.15156861487775,56.3601335292246,56.4323014089496,97433600
2019-10-21,57.85640335083008,57.971873434702374,57.089029065616195,57.13713976525744,87247200
2019-10-22,57.724090576171875,58.26293619861339,57.64229836224228,58.01275839828133,82293600
2019-10-23,58.498687744140625,58.51312425689027,58.027197771424554,58.238889244421685,75828800
2019-10-24,58.59492111206055,58.88840117916926,58.169133855581286,58.81863753813231,69275200
2019-10-25,59.31658172607422,59.35266382986674,58.42652101662137,58.49387672410792,73477200
2019-10-28,59.91075897216797,59.95886966807034,59.3502603719089,59.518649642872596,96572800
2019-10-29,58.525146484375,60.079147263907565,58.351948716071576,59.891512983519,142839600
2019-10-30,58.51793670654297,59.00867539604496,58.02479743733707,58.878772466807476,124522000
2019-10-31,59.84100341796875,59.93963274377457,57.074595818262324,59.475359143282475,139162000
2019-11-01,61.539337158203125,61.565794923188214,59.93722552071114,60.02863474954351,151125200
2019-11-04,61.943477630615234,62.027674116998526,61.433497552485065,61.90257967738118,103272000
2019-11-05,61.854469299316406,62.109459324596685,61.65961856945548,61.83522061369756,79897600
2019-11-06,61.88090896606445,61.94104824389377,61.431068342496424,61.767846830096516,75864400
2019-11-07,62.595096588134766,62.81707681785857,62.27660609632884,62.42861325665717,94940400
2019-11-08,62.76641082763672,62.838791684085116,61.97259974003424,62.41655284052694,69986400
2019-11-11,63.263450622558594,63.32859339845434,62.317632299219134,62.32245523560567,81821200
2019-11-12,63.205535888671875,63.40580187077444,62.95461066850528,63.10661047248142,87388800
2019-11-13,63.811161041259766,63.885957063653684,62.99081258182594,63.005288756272336,102734400
2019-11-14,63.36961364746094,63.91007704911143,63.23932073339819,63.63743019848044,89182800
2019-11-15,64.12240600585938,64.12722894235556,63.45888775617379,63.62054080630693,100206400
2019-11-18,64.44571685791016,64.5253358048109,63.7532462907842,64.1320492800849,86703200
2019-11-19,64.25029754638672,64.66288328473601,64.033147545322,64.63875387055919,76167200
2019-11-20,63.50231170654297,64.19960518806741,62.829140269026105,64.0693196426858,106234400
2019-11-21,63.217620849609375,63.70017967174108,63.017354814997276,63.62296849301683,121395200
2019-11-22,63.162113189697266,63.499902835074955,62.935309992816094,63.35754889035371,65325200
2019-11-25,64.26957702636719,64.28646834745726,63.340650088807934,63.386493752760344,84020400
2019-11-26,63.767730712890625,64.4602013696049,63.33583855209806,64.40711961038312,105207600
2019-11-27,64.62425231933594,64.6580349585711,64.01381593299939,64.07895869876083,65235600
2019-11-29,64.48193359375,64.6628931828812,64.15620486066094,64.3251034224892,46617600
2019-12-02,63.736366271972656,64.72319812020456,63.565059962147224,64.48674166082677,94487200
2019-12-03,62.59993362426758,62.619232733456535,61.837489954222036,62.324871616307696,114430400
2019-12-04,63.15245819091797,63.53126855846393,62.896702654892984,62.99080514094122,67181600
2019-12-05,64.07896423339844,64.15376760341428,63.39132400118668,63.647079513946814,74424400
2019-12-06,65.3167495727539,65.38672266610301,64.49398586889878,64.53742176047683,106075600
2019-12-09,64.40230560302734,65.33846356133417,63.91733161576993,65.14544297190798,128042400
2019-12-10,64.77867889404297,65.16231215536672,64.14652084747135,64.80763123629215,90420400
2019-12-11,65.33122253417969,65.41084886210179,64.7835209297938,64.85831695707625,78756800
2019-12-12,65.49771118164062,65.7631200239526,64.4988181829113,64.60980465760038,137310400
2019-12-13,66.38804626464844,66.42423671334954,65.36984658268766,65.49772441027505,133587600
2019-12-16,67.52445220947266,67.74884765705623,66.82957369318359,66.83439663061318,128186000
2019-12-17,67.65716552734375,67.98530201621274,67.2687018179985,67.45449169070163,114158400
2019-12-18,67.49547576904297,68.01663999270224,67.34588376621923,67.50995193942846,116028400
2019-12-19,67.56304168701172,67.84292661971328,67.30487837572159,67.43757907439164,98369200
2019-12-20,67.42311096191406,68.19761571489019,67.21078392805164,68.09628249807736,275978000
2019-12-23,68.5233383178711,68.58365815793964,67.6474930619539,67.68609864318917,98572000
2019-12-24,68.5884780883789,68.73807747033234,68.26275685689335,68.68981865508782,48478800
2019-12-26,69.94929504394531,69.96618636509724,68.69223173166154,68.72118407462989,93121200
2019-12-27,69.9227523803711,70.9288905053271,69.51740484131803,70.24124288816766,146266000
2019-12-30,70.33776092529297,70.62006103458498,68.81770380429288,69.84072600060978,144114400
2019-12-31,70.85169982910156,70.85893791713207,69.85521465174138,69.95414009700069,100805600
2020-01-02,72.46826934814453,72.5285891982157,71.22326675908423,71.47660718407792,135480400
2020-01-03,71.76371765136719,72.52374615608241,71.53932961570813,71.6961597256872,146322800
2020-01-06,72.33555603027344,72.3741616151194,70.63453932655295,70.88547194642054,118387200
2020-01-07,71.9953384399414,72.60094451443848,71.77577337938688,72.34518902923438,108872000
2020-01-08,73.15349578857422,73.45509501348069,71.69858142215591,71.69858142215591,132079200
2020-01-09,74.70733642578125,74.90035698659045,73.87974991049977,74.13067516689924,170108400
2020-01-10,74.876220703125,75.44082088635776,74.3743628731269,74.94137084294664,140644800
2020-01-13,76.47589874267578,76.50244329938738,75.07406634437707,75.19229822984673,121532000
2020-01-14,75.4432373046875,76.62309704687446,75.3201898237738,76.41318515734736,161954400
2020-01-15,75.11992645263672,76.12364962606802,74.68803427101611,75.24298130114484,121923600
2020-01-16,76.06089782714844,76.1718916266167,75.30086936839069,75.66278838334783,108829200
2020-01-17,76.9029769897461,76.90538477645106,76.00300228022495,76.30942443229468,137816400
2020-01-21,76.38179016113281,76.97292003121798,76.24425919224291,76.53138214978081,110843200
2020-01-22,76.65446472167969,77.20698922015548,76.56036222573736,76.8667843985574,101832400
2020-01-23,77.02362060546875,77.1032395625604,76.15983628507468,76.70754520066748,104472000
2020-01-24,76.8016357421875,78.01285552986269,76.61102297800898,77.26971830945405,146537600
2020-01-27,74.54327392578125,75.22367624090043,73.56126499598109,74.81109052667422,161940000
2020-01-28,76.65205383300781,76.8233601467646,75.32501712161712,75.42394256005781,162234000
2020-01-29,78.25654602050781,79.1034389225781,77.54236118317645,78.28309057876027,216229200
2020-01-30,78.1431655883789,78.19624735599628,76.90781612011679,77.33970834921887,126743200
2020-01-31,74.6783676147461,77.85601226019499,74.38400653828495,77.43377343365503,199588400
2020-02-03,74.47329711914062,75.63867332859459,72.91945726436026,73.42131515382538,173788400
2020-02-04,76.93193817138672,77.12255095912198,75.67245940871321,76.07780703357612,136616400
2020-02-05,77.55925750732422,78.35789164403798,76.95605907395962,78.0587002140709,118826800
2020-02-06,78.46647644042969,78.46889159082244,77.27214775489887,77.8295026141326,105425600
2020-02-07,77.39990234375,78.21494247737544,76.90894303407646,77.96583518982163,117684000
2020-02-10,77.76750183105469,77.76750183105469,75.90524599878522,75.98505390529154,109348800
2020-02-11,77.29832458496094,78.33587187126635,77.08065923180118,78.26331921379253,94323200
2020-02-12,79.13397216796875,79.13880655058661,77.74815764169257,77.74815764169257,113730400
2020-02-13,78.57044219970703,78.89694380995043,78.20282989097468,78.4059846442796,94747600
2020-02-14,78.58981323242188,78.83892050632156,78.08192253766144,78.53901899642953,80113600
2020-02-18,77.1507797241211,77.3321687046637,76.08904601525819,76.2704349958008,152531200
2020-02-19,78.26815795898438,78.49792035501915,77.39265473323287,77.39265473323287,93984000
2020-02-20,77.4652099609375,78.51726787221662,76.95974005365503,78.02872938009521,100566000
2020-02-21,75.7117691040039,77.50147989029539,75.09504942814512,77.05888657687778,129554000
2020-02-24,72.11541748046875,73.56652927707171,69.95084681231108,71.8929178048686,222195200
2020-02-25,69.67272186279297,73.16748626275555,69.20111488480276,72.7853633450679,230673600
2020-02-26,70.77799987792969,72.04288873722294,69.29061126924033,69.29786653540023,198054800
2020-02-27,66.15135955810547,69.16967532004576,66.01592302206369,67.98460193931137,320605600
2020-02-28,66.1126708984375,67.33402814341571,62.00360705177279,62.218858912688944,426510000
2020-03-02,72.26779174804688,72.90386365568166,67.16713422063305,68.26997869246647,341397200
2020-03-03,69.97261810302734,73.52300347304629,69.12129439177312,73.44319556548463,319475600
2020-03-04,73.2182846069336,73.37790783984885,70.89409003325196,71.69461969933852,219178400
2020-03-05,70.8432846069336,72.44675702043206,70.47808575850526,71.47209384482164,187572800
2020-03-06,69.90248107910156,70.33539821217181,68.01603849038064,68.2022618674925,226176800
2020-03-09,64.37374877929688,67.25662042749718,63.6070747073531,63.78846370366684,286744800
2020-03-10,69.01002502441406,69.27606360892686,65.14764961954587,67.02684373594583,285290000
2020-03-11,66.6133041381836,68.0136294855381,65.74989060302927,67.08733944027128,255598800
2020-03-12,60.03492736816406,65.30004700639003,59.979302435498994,61.89960811199781,418474000
2020-03-13,67.22760772705078,67.69922212839465,61.176469024415624,64.06418648557232,370732000
2020-03-16,58.57897186279297,62.65901004477626,58.044477343492844,58.51608798383502,322423600
2020-03-17,61.154693603515625,62.30348685183075,57.6575122464136,59.860783996429895,324056000
2020-03-18,59.65763854980469,60.46300623570861,57.347950973526814,57.98886105384675,300233600
2020-03-19,59.20053482055664,61.149861434253346,58.67571640074359,59.83176871542281,271857200
2020-03-20,55.44215393066406,60.90558973701077,55.142256121470716,59.78097572031221,401693200
2020-03-23,54.26433181762695,55.26318175410043,51.42015363881515,55.16160435739665,336752800
2020-03-24,59.708431243896484,59.90433080067905,56.6659322179662,57.16414681678831,287531200
2020-03-25,59.37950134277344,62.458276127894656,59.084441621112084,60.64438621130527,303602000
2020-03-26,62.50423812866211,62.56228025300905,59.58266521460016,59.62136242441082,252087200
2020-03-27,59.91642761230469,61.882682250213904,59.74954910896998,61.128105042477195,204216800
2020-03-30,61.626312255859375,61.798028812791074,60.317891949823974,60.64197645935922,167976400
2020-03-31,61.500553131103516,63.483739105011665,60.9467135877393,61.8173824008547,197002000
2020-04-01,58.26456832885742,60.15343192722889,57.83407204839957,59.61652017243426,176218400
2020-04-02,59.236820220947266,59.29002796662515,57.29474857481248,58.126720208645594,165934000
2020-04-03,58.38549041748047,59.423033841940786,57.79537096509543,58.72166453956951,129880000
2020-04-06,63.4788932800293,63.63367471849766,60.313051558292024,60.68066393279939,201820400
2020-04-07,62.743648529052734,65.71117662776216,62.63965396373274,65.49350397194831,202887200
2020-04-08,64.34957122802734,64.6639759139237,63.17900829152558,63.54419983698464,168895200
2020-04-09,64.81391906738281,65.31697539124775,64.0182312530311,64.98563931197687,161834800
2020-04-13,66.0860595703125,66.19489592354667,64.29151446730144,64.89131008954301,131022800
2020-04-14,69.42361450195312,69.71383985781922,67.24694647516952,67.71856083326759,194994800
2020-04-15,68.78996276855469,69.24948009360917,67.87092811844572,68.2990035025,131154400
2020-04-16,69.33656311035156,69.70176205876241,68.28692612469368,69.5034416112321,157125200
2020-04-17,68.39573669433594,69.39942831156146,66.95913534892303,68.85284047730217,215250000
2020-04-20,66.97605895996094,68.12485572619737,66.95671405142177,67.2227526734342,130015200
2020-04-21,64.90582275390625,67.05346978399236,64.19477725392538,66.81887303902265,180991600
2020-04-22,66.77533721923828,67.21066785744529,65.832115915965,66.17312073347611,116862400
2020-04-23,66.51654052734375,68.14178590248335,66.47784333022904,66.71969527664425,124814400
2020-04-24,68.43685150146484,68.44652764676574,66.99299496104605,67.04136830681426,126161200
2020-04-27,68.4852294921875,68.81656552903699,67.7064658092128,68.1538860746012,117087600
2020-04-28,67.37512969970703,69.12855677224428,67.28323213572467,68.94716776474043,112004800
2020-04-29,69.58808898925781,70.05728252965069,68.65937805652075,68.86253288111276,137280800
2020-04-30,71.05609893798828,71.23265351601944,69.73801025784547,70.12738834900439,183064000
2020-05-01,69.91216278076172,72.31375148512824,69.13339900800005,69.23013833651491,240616800
2020-05-04,70.90135192871094,71.02953322733046,69.24708469755467,69.93636455572125,133568000
2020-05-05,71.96548461914062,72.79745613687825,71.21574190038736,71.36085458478117,147751200
2020-05-06,72.70796966552734,73.33919985774601,72.28230777359485,72.66685157702763,142333600
2020-05-07,73.46012878417969,73.80598277550787,73.03205337405477,73.33436839325711,115215200
2020-05-08,75.2085952758789,75.26194703967974,73.792357201285,74.11974268821213,133838400
2020-05-11,76.39202880859375,76.88673708897407,74.50774723825187,74.71630682370795,145946400
2020-05-12,75.51902770996094,77.52698329873076,75.39777433527503,77.07591689652548,162301200
2020-05-13,74.607177734375,76.61998759486177,73.53044749592581,75.6984577813938,200622400
2020-05-14,75.06553649902344,75.1261631825109,73.12305519185568,73.84572792328466,158929200
2020-05-15,74.62174224853516,74.66781911832467,72.80294181174233,72.83689630557373,166348400
2020-05-18,76.37989807128906,76.75336041216173,75.25467098028571,75.94581646414036,135178400
2020-05-19,75.93855285644531,77.24323270759544,75.90702580080492,76.39688667871405,101729600
2020-05-20,77.41541290283203,77.48573451404336,76.75821444789756,76.79701640617802,111504800
2020-05-21,76.83822631835938,77.81795516457375,76.60056715941539,77.27716272159071,102688800
2020-05-22,77.33296966552734,77.41542106029263,76.4744938248148,76.57634250040586,81803200
2020-05-26,76.80916595458984,78.63038662320422,76.75338673756762,78.4509339955865,125522000
2020-05-27,77.14379119873047,77.289296677021,75.92641041182232,76.6660601761675,112945200
2020-05-28,77.1777572631836,78.43636762804827,76.54239089339562,76.81884468298037,133560800
2020-05-29,77.10257720947266,77.88102160812149,76.74609208099886,77.42026037966232,153532400
2020-06-01,78.05078125,78.1720345974753,76.92554663308496,77.05650232055906,80791200
2020-06-02,78.41210174560547,78.43635389149792,77.34264649797673,77.78401039078527,87642800
2020-06-03,78.84379577636719,79.10570721874383,78.15992494437354,78.73224474017213,104491200
2020-06-04,78.1647720336914,78.96504129309206,77.79130959230261,78.66676274766802,87560400
2020-06-05,80.3909683227539,80.45159499569716,78.38544064604918,78.41454026494723,137250400
2020-06-08,80.86627197265625,80.90022645874406,79.37728486968395,80.0878276354404,95654400
2020-06-09,83.41987609863281,83.81273576255528,80.51465061318699,80.54617766782322,147712400
2020-06-10,85.56607055664062,86.03410675203712,83.92915018975505,84.36808676274399,166651600
2020-06-11,81.45799255371094,85.13439472060976,81.35614389223483,84.71000802945393,201662400
2020-06-12,82.1612777709961,84.34383835712818,81.05060019570263,83.5969208795234,200146000
2020-06-15,83.17736053466797,83.82970407027696,80.65286520703812,80.81534793256503,138808800
2020-06-16,85.38176727294922,85.65338103043176,83.59692127094438,85.2314142826488,165428800
2020-06-17,85.26293182373047,86.18688178098341,85.1416784708026,86.12625510451949,114406400
2020-06-18,85.29688262939453,85.71399444147255,84.6881884557675,85.21927871070163,96820400
2020-06-19,84.8094253540039,86.46816994057362,83.70116819491169,86.00256132015875,264476000
2020-06-22,87.02838134765625,87.17145941767127,85.15622926088085,85.20230612758097,135445200
2020-06-23,88.88597106933594,90.30463659467983,87.85289026819137,88.27242947914962,212155600
2020-06-24,87.31695556640625,89.43404157028371,86.94349320290961,88.51493917080266,192623200
2020-06-25,88.47614288330078,88.51494484309887,86.71312185164297,87.47216900112456,137522400
2020-06-26,85.75765228271484,88.5925564218204,85.60971933565048,88.3718744192934,205256800
2020-06-29,87.73405456542969,87.82863571022152,85.187734768743,85.6654731599595,130646000
2020-06-30,88.4664535522461,88.75261712274803,87.30242419000004,87.32182147239291,140223200
2020-07-01,88.29911804199219,89.08726487998509,88.25062113854636,88.54405219679813,110737200
2020-07-02,88.29911804199219,89.84146462563768,88.18514698857149,89.20609820497056,114041600
2020-07-06,90.66112518310547,91.12916130648333,89.69594591770318,89.72747297069945,118655600
2020-07-07,90.37981414794922,91.81787696805416,90.26826314860052,91.03943260618246,112424400
2020-07-08,92.48477935791016,92.51630641314865,91.26981841791165,91.35712467862727,117092000
2020-07-09,92.88249969482422,93.4305598406817,91.83486890517743,93.37720806711494,125642800
2020-07-10,93.04497528076172,93.10318192525366,91.86639619002682,92.47751045180962,90257200
2020-07-13,92.61573028564453,96.95902596441493,92.40232321566707,94.34965162813619,191649200
2020-07-14,94.14837646484375,94.33995142456507,91.0636910214966,91.99733587271359,170989200
2020-07-15,94.79586029052734,96.27272509234513,93.59787669220981,96.02294350650172,153198000
2020-07-16,93.62938690185547,94.48543503727676,93.03039521044973,93.66818885199002,110577600
2020-07-17,93.44026184082031,94.2356835706405,92.96737078589749,94.08048312128706,92186800
2020-07-20,95.40940856933594,95.54763916358735,93.18319885433614,93.527561622358,90318000
2020-07-21,94.09259796142578,96.27515822341762,93.84281636080428,96.19998173978415,103433200
2020-07-22,94.35694885253906,95.03839221630454,93.70703254984834,93.79433142600743,89001600
2020-07-23,90.0621337890625,94.16777018673336,89.25216234988122,94.09016627142198,197004400
2020-07-24,89.83904266357422,90.18340548239307,86.47304800936116,88.26032885670101,185438800
2020-07-27,91.96823120117188,92.06038492393321,90.67810128466274,90.90120328645872,121214000
2020-07-28,90.45742797851562,91.71603836365466,90.45257310797918,91.53900580557185,103625600
2020-07-29,92.19135284423828,92.37566031423209,90.90364279107482,90.94001731785845,90329200
2020-07-30,93.30687713623047,93.41115323756709,90.95698669984957,91.36439616603701,158130000
2020-07-31,103.07506561279297,103.2254186056853,97.80296411556598,99.80122466182837,374336800
2020-08-03,105.67230987548828,108.29137965566059,104.6586334984087,104.95691204627916,308151200
2020-08-04,106.37799072265625,107.46927088099201,105.13877762781757,105.8614502635959,173071600
2020-08-05,106.76355743408203,107.08366800256047,105.63347550648942,106.09909155161407,121776800
2020-08-06,110.48847198486328,110.98318771588607,106.50651618913851,107.09580568303383,202428800
2020-08-07,107.97643280029297,110.46660808616394,107.17957700537667,110.009872310896,198045600
2020-08-10,109.54585266113281,110.56378836086954,106.89533339122227,109.4219488794754,212403600
2020-08-11,106.28799438476562,109.30778636585389,106.02804253912397,108.80975415779011,187902400
2020-08-12,109.82039642333984,110.07791644345322,107.1844528144561,107.37880502863389,165598000
2020-08-13,111.7639389038086,112.7672986221406,110.71198742895228,111.20030714999548,210082000
2020-08-14,111.66432189941406,111.75420996900903,109.85438662016135,111.58900987277718,165565200
2020-08-17,111.37278747558594,112.8110188476026,110.74599537909668,112.78672297104335,119561600
2020-08-18,112.30084991455078,112.72600186122567,110.78973812752103,111.12500199172021,105633600
2020-08-19,112.44174194335938,113.85567747183467,112.34699766084464,112.70898176363043,145538000
2020-08-20,114.93675994873047,115.05094387767285,112.4660172369599,112.48302508924182,126907200
2020-08-21,120.85975646972656,121.34321254794537,115.88426180533297,115.89640603696287,338054800
2020-08-24,122.30525207519531,125.15013062833738,120.43944460680316,125.06509136210123,345937600
2020-08-25,121.3019027709961,121.64688641801345,119.57943117585931,121.1780064067377,211495600
2020-08-26,122.95149230957031,123.4082280829776,121.55213290407741,122.61866031262531,163022400
2020-08-27,121.481689453125,123.88683296878132,120.33741816118453,123.55400095827326,155552400
2020-08-28,121.28490447998047,122.87375249170243,121.06139279549139,122.45588862300937,187630000
2020-08-31,125.39793395996094,127.30262091946506,122.44374225841678,123.97914969468255,225702700
2020-09-01,130.3928680419922,130.99537911333144,126.84589234906336,129.01294820319362,151948100
2020-09-02,127.69129943847656,134.0855842416923,123.41549301335552,133.7065923759571,200119000
2020-09-03,117.46825408935547,125.20358843955071,117.09898196053354,123.3280682941128,257599600
2020-09-04,117.54598236083984,120.20864558009525,107.76020180974345,116.68110262085477,332607200
2020-09-08,109.63574981689453,115.6316049618243,109.4997017926122,110.73385384547656,231366600
2020-09-09,114.00872802734375,115.77735955442189,112.00687240165654,113.95042385620658,176940500
2020-09-10,110.28680419921875,117.09895282541379,109.32474848845685,116.96290484264176,182274400
2020-09-11,108.8388900756836,111.97772918558881,106.89533846718923,111.33635359603639,180860300
2020-09-14,112.10406494140625,112.65797689067007,109.616321087037,111.48212897781393,140150100
2020-09-15,112.27896118164062,115.4761040079777,110.40343385233226,114.9902161756601,184642000
2020-09-16,108.96520233154297,112.72597681325361,108.87774608069525,111.97771281555889,154679000
2020-09-17,107.22574615478516,109.03324986978043,105.64175415253082,106.62324985916108,178011000
2020-09-18,103.82451629638672,107.75049116786684,103.09568449283607,107.2840429654683,287104900
2020-09-21,106.97306823730469,107.0799641548333,100.1900707538578,101.58943010037062,195713800
2020-09-22,108.65424346923828,109.67461096517128,106.07904368113599,109.49969103484163,183055400
2020-09-23,104.09661102294922,108.94576947432667,103.75648361182957,108.469601478443,150718700
2020-09-24,105.16556549072266,107.13826893890365,102.03644660847966,102.2016466950428,167743300
2020-09-25,109.1109619140625,109.26644956700453,104.63107585698657,105.36962738034248,149981400
2020-09-28,111.7153549194336,112.06519483137623,109.59688319225279,111.76394667933849,137672400
2020-09-29,110.86990356445312,112.05547129194501,110.36458338283204,111.3169269814266,99382200
2020-09-30,112.5413589477539,113.95043838034034,110.41317487532415,110.57837499064281,142675200
2020-10-01,113.49369049072266,114.3974422328623,112.56078666239473,114.31969839365316,116120400
2020-10-02,109.83010864257812,112.11378793231448,109.05269237323236,109.70378044500065,144712000
2020-10-05,113.21186828613281,113.35763612296132,110.34513295609943,110.6949727988638,106243800
2020-10-06,109.96613311767578,112.84258807364455,109.08181374151268,112.43443667707562,161498200
2020-10-07,111.83196258544922,112.28869840481383,110.90877111263151,111.3849466001731,96849000
2020-10-08,111.72505950927734,113.11469913263745,111.35577997813651,112.96893128687452,83477200
2020-10-09,113.66861724853516,113.69776933647424,111.67647388000671,112.02631376339767,100506900
2020-10-12,120.88888549804688,121.64686927588002,115.91339178269928,116.67137556053244,240226800
2020-10-13,117.68204498291016,121.85096395135838,116.2729730734288,121.7343481891843,262330500
2020-10-14,117.76950073242188,119.55756448106015,116.24381316344193,117.58486097492064,150712000
2020-10-15,117.30303955078125,117.7792075503629,114.81529622261273,115.36920805471462,112559200
2020-10-16,115.66075897216797,118.11935811253977,115.45668693235429,117.85697447987833,115393800
2020-10-19,112.7065658569336,117.02124557068035,112.39559788284319,116.57422957130423,120639300
2020-10-20,114.193359375,115.6218707751005,112.36641639732157,112.9203282244973,124423700
2020-10-21,113.57142639160156,115.35949008406753,113.16327497131253,113.37706680716391,89946000
2020-10-22,112.48301696777344,114.70838380870198,111.35575380053604,114.1350323939012,101988000
2020-10-23,111.79308319091797,113.2604666496336,111.05453154484074,113.10497897085499,82572600
2020-10-26,111.80278778076172,113.26045120729546,109.69402905569095,110.79214024867784,111850700
2020-10-27,113.30905151367188,113.96985932342135,111.30719583151641,112.23037983284465,92276800
2020-10-28,108.06145477294922,112.17206924227749,107.96427868585248,111.80279714568576,143937800
2020-10-29,112.06517791748047,113.62973745029149,109.0332349429399,109.19844245324492,146129200
2020-10-30,105.78749084472656,108.8291457586848,104.67966727023395,107.92539416748721,190272600
2020-11-02,105.70005798339844,107.5561534514894,104.29098593931357,106.03046563409058,122866900
2020-11-03,107.32292175292969,108.3432818947634,105.6611860241768,106.56493781497865,107624400
2020-11-04,111.70562744140625,112.32756337251364,109.17901179452487,110.91849140042434,138235500
2020-11-05,115.67047119140625,116.24382276328363,113.57143933861293,114.62095155797914,126387100
2020-11-06,115.53905487060547,116.03551019200556,113.04701195376393,115.1788748490344,114457900
2020-11-09,113.2319564819336,118.75142852116217,112.96912766300157,117.30098686270992,154515300
2020-11-10,112.89127349853516,114.46826159817878,111.10011726051921,112.48242528209808,138023400
2020-11-11,116.31781005859375,116.45409278270938,113.34878508110145,114.07887428608585,112295000
2020-11-12,116.04524993896484,117.33020670166636,115.42224104958544,116.44436895423854,103162300
2020-11-13,116.09391784667969,116.49302940870272,114.74081980829087,116.269139549406,81581900
2020-11-16,117.1063003540039,117.77797730868681,115.01337667932356,115.7629315909366,91183000
2020-11-17,116.2204818725586,117.46649976087988,115.80189704193324,116.37623782202498,74271000
2020-11-18,114.8965835571289,116.63906421361688,114.86738117394037,115.46118772161485,76322100
2020-11-19,115.49038696289062,115.89923517011198,113.70896736833065,114.46825901798518,74113000
2020-11-20,114.22488403320312,115.6169210548832,114.17621587656545,115.49037493540368,73604300
2020-11-23,110.82752227783203,114.49744092599661,110.73017855128886,114.06911961698636,127959300
2020-11-24,112.11251068115234,112.77445860760254,109.60100171666315,110.885966009348,113874200
2020-11-25,112.94967651367188,113.65056340347142,112.11250688717266,112.4824235383736,76499200
2020-11-27,113.49478912353516,114.37089759423498,113.1346165605287,113.47532334723114,46691300
2020-11-30,115.8895034790039,117.75853018018704,113.70896490077166,113.86472083929621,169410200
2020-12-01,119.46206665039062,120.19215587053868,116.82401182614447,117.79746411967523,127728200
2020-12-02,119.8125228881836,120.0948249747314,117.68065976068435,118.78065829638932,89004200
2020-12-03,119.67622375488281,120.493920092042,118.96560033409804,120.24082042379452,78967600
2020-12-04,119.00453186035156,119.5983382985472,118.2939084840868,119.34523864615622,78260400
2020-12-07,120.46472930908203,121.26295994561156,119.00455077200225,119.06295553689276,86712000
2020-12-08,121.07799530029297,121.66207262611567,119.82224093273689,121.06826612455384,82225500
2020-12-09,118.54702758789062,122.60632215950014,117.78773593298261,121.2240215863675,115089200
2020-12-10,119.96825408935547,120.58153376453309,116.96029017970807,117.30099698433379,81312200
2020-12-11,119.1603012084961,119.50100803270227,117.34967931202699,119.17976698694284,86939800
2020-12-14,118.54702758789062,120.07534750085607,118.31340110026942,119.34525822854418,79184500
2020-12-15,124.48507690429688,124.50455010924838,120.83463079530905,121.03905488619017,157243700
2020-12-16,124.41694641113281,124.96207736777791,123.20013093515553,124.0275714003019,98208600
2020-12-17,125.2833023071289,126.1399450451197,124.64082025363582,125.47798978748065,94359800
2020-12-18,123.29747772216797,125.67270382324948,122.77181256405065,125.53642108894336,192541500
2020-12-21,124.82579040527344,124.90366837554562,120.17268937086521,121.70100925990957,121251600
2020-12-22,128.37890625,130.8417396142282,126.20809672049869,128.1160699450411,168904800
2020-12-23,127.48331451416016,128.91427567105393,127.30808538342248,128.65145425550145,88223700
2020-12-24,128.46646118164062,129.91691000392922,127.61956269776874,127.83372332532004,54930100
2020-12-28,133.06124877929688,133.69398707778512,129.9656615428903,130.43292952246316,124486200
2020-12-29,131.28955078125,135.10548328882498,130.77362207829398,134.3851378526945,121047300
2020-12-30,130.17005920410156,132.37980036355688,129.8585472989338,131.9806813052001,96452100
2020-12-31,129.16737365722656,131.16295362039511,128.22312384324488,130.52047160916396,99116600
2021-01-04,125.9744644165039,130.0629610638514,123.39481436257799,129.97535392263828,143301900
2021-01-05,127.531982421875,128.242613306386,125.0204736671036,125.46826826756664,97664900
2021-01-06,123.23906707763672,127.57093452826126,123.02490637051051,124.32933639261917,155088000
2021-01-07,127.44437408447266,128.1355317571745,124.46561240551398,124.95233855838183,109578200
2021-01-08,128.5443572998047,129.10896132011973,126.77266728567469,128.91425901030706,105158200
2021-01-11,125.5558853149414,126.71429603758807,125.08863232599059,125.76031685281629,100384500
2021-01-12,125.38066101074219,126.24703297603195,123.49216114503781,125.08862234580894,91951100
2021-01-13,127.4151382446289,127.96026901609807,125.07885926584692,125.34168062471274,88636800
2021-01-14,125.48773193359375,127.52224355209353,125.34170518524395,127.32755607466288,90221800
2021-01-15,123.76473999023438,126.7629752239917,123.62845724568655,125.36120136366826,111598500
2021-01-19,124.43640899658203,125.2930517717372,123.5700370457831,124.3877334109567,90757300
2021-01-20,128.52487182617188,128.97266630080327,125.13726288144076,125.24434320013309,104319500
2021-01-21,133.23641967773438,135.96208925479198,130.0434971272025,130.2479286583061,120150900
2021-01-22,135.37803649902344,136.1373282057296,131.43555118884584,132.66209590266996,114459400
2021-01-25,139.12579345703125,141.23818305206848,132.91516336360118,139.27182020640586,157611700
2021-01-26,139.35943603515625,140.4691710725819,137.61694808504978,139.78775742744395,98390600
2021-01-27,138.2886199951172,140.46915831522645,136.68242977361535,139.62224478331817,140843800
2021-01-28,133.45059204101562,138.22051793091006,133.07094618183902,135.8160892048896,142621100
2021-01-29,128.4567413330078,133.10984102627805,126.7532002152796,132.22399608017142,177523800
2021-02-01,130.57891845703125,131.7860049108473,127.45412937962104,130.19927257414088,106239800
2021-02-02,131.40635681152344,132.69130637282277,131.03644011259044,132.12670214686938,83305400
2021-02-03,130.3842010498047,132.16562050861145,130.0629600142458,132.15587647941985,89880900
2021-02-04,133.7426300048828,133.75235918193923,131.01696020484349,132.68157041122387,84183100
2021-02-05,133.32827758789062,133.97171978594034,132.45086722756864,133.90348403057772,75693800
2021-02-08,133.47451782226562,133.52326614630692,131.53444758226135,132.61659492201852,71297200
2021-02-09,132.5970916748047,134.4201778248724,132.44111786524098,133.19178552172198,76774200
2021-02-10,131.99264526367188,133.5525022619222,131.0274820724659,133.05529021983176,73046600
2021-02-11,131.7391815185547,132.9675589258699,130.4133074654321,132.4898491628531,64280000
2021-02-12,131.97314453125,132.1291332081116,130.33530805190028,130.9787501870301,60145100
2021-02-16,129.84783935546875,132.59706880200096,129.45786770907952,132.0901279755408,80576300
2021-02-17,127.55682373046875,128.90220010245756,126.22120594870577,127.95653915633494,97918500
2021-02-18,126.4552001953125,126.73791669485071,124.21291100168493,125.95798807847142,96856700
2021-02-19,126.61112976074219,127.4300627034267,125.5679873157391,126.97185535931727,87668800
2021-02-22,122.83826446533203,126.46491917771368,122.44830023340782,124.797821900289,103916400
2021-02-23,122.70179748535156,123.53046696039274,115.41924089427319,120.65449424173501,158273000
2021-02-24,122.20458984375,122.40931941932189,119.16288479188184,121.80488184514299,111039900
2021-02-25,117.9540023803711,123.28674515580227,117.51529718125303,121.55141178976116,148199500
2021-02-26,118.21721649169922,121.71712880247114,118.15871701805524,119.51383705660506,164560400
2021-03-01,124.5833511352539,124.71983750347,119.7088167333954,120.64472644599832,116307900
2021-03-02,121.98035430908203,125.49001767022227,121.87311395477933,125.18779891061432,102260900
2021-03-03,118.99713134765625,122.55554294590044,118.78265064406548,121.6781252666424,112966300
2021-03-04,117.11557006835938,120.49849839926789,115.64346591859298,118.69492201638303,178155000
2021-03-05,118.37319946289062,118.88015523948293,114.61980921267136,117.9442454649468,153766600
2021-03-08,113.44017791748047,117.96374575469044,113.29394038143423,117.89550256292887,154376600
2021-03-09,118.05149841308594,118.99715950012566,115.80921652222207,116.043192146062,129525800
2021-03-10,116.96934509277344,119.10438636423861,116.4526381350717,118.6364351696504,111943300
2021-03-11,118.89965057373047,120.1182842596345,118.21721868480411,119.46509838909789,103026500
2021-03-12,117.99298858642578,118.12947496626138,116.16991732521446,117.37879987716553,88105100
2021-03-15,120.87871551513672,120.88846666765528,117.39829786101335,118.36346113570012,92403800
2021-03-16,122.4190902709961,124.02768855270953,121.59042068282592,122.54582552256758,115227900
2021-03-17,121.62939453125,122.70179070070945,119.27011403289939,120.93721148152662,111932600
2021-03-18,117.50553131103516,120.08903616814248,117.3008017478915,119.79656111339463,121229700
2021-03-19,116.97908020019531,118.38294855656439,116.67686143267959,116.89134214689703,185549500
2021-03-22,120.29376983642578,120.76172845240197,117.24231371312757,117.31055690317099,111912300
2021-03-23,119.46509552001953,121.1224343178664,119.07513126230569,120.23527288356823,95467100
2021-03-24,117.0765609741211,119.816054302137,117.05706610966415,119.73805996841114,88530500
2021-03-25,117.56401824951172,118.60717576184044,116.01391986522562,116.54037047817636,98844700
2021-03-26,118.16848754882812,118.43171662851978,115.93594941899356,117.33006685594874,94071200
2021-03-29,118.34394073486328,119.50408225482553,117.70050608807547,118.59741859593674,80819200
2021-03-30,116.89132690429688,117.37878030470016,115.87742293890422,117.09605643991243,85671900
2021-03-31,119.08487701416016,120.42049468098195,118.10997013305847,118.5974235736093,118323800
2021-04-01,119.9135513305664,121.06394179532072,119.41634671803331,120.55699346889742,75089100
2021-04-05,122.74077606201172,122.99425393009696,119.9817878428641,120.76171631176526,88651200
2021-04-06,123.04301452636719,123.9399272027551,122.49706897342678,123.32573845569713,80171300
2021-04-07,124.69060516357422,124.71010003062226,121.99985979599343,122.67254799737614,83466700
2021-04-08,127.08885955810547,127.1181055739932,125.29503449613289,125.71423730778919,88844600
2021-04-09,129.66262817382812,129.70161790758218,126.22120772891054,126.54292881700623,106686700
2021-04-12,127.94679260253906,129.5163933763926,127.35209877205047,129.19467229997423,91420000
2021-04-13,131.05674743652344,131.28098676840776,128.6194798143975,129.11669192988782,91266500
2021-04-14,128.71693420410156,131.61240837850028,128.35622347475837,131.55391635491986,87222800
2021-04-15,131.12498474121094,131.61243821608534,130.286564169391,130.46205515581354,89347100
2021-04-16,130.79351806640625,131.29071524829968,129.9355952026849,130.93000444237106,84922400
2021-04-19,131.4564666748047,132.07066289352065,129.99410605950115,130.1598384774607,94264200
2021-04-20,129.7698516845703,132.12912448166279,128.5024698015972,131.63192734239016,94812300
2021-04-21,130.1500701904297,130.39379691363274,128.00527800142257,129.0386769276597,68847100
2021-04-22,128.62924194335938,130.7837782500738,128.11254238332913,129.70163080104982,84566500
2021-04-23,130.94949340820312,131.72940697661994,128.84369107132306,128.84369107132306,78657500
2021-04-26,131.3394775390625,131.67094236224486,130.20858180313348,131.44671790843336,66905100
2021-04-27,131.01773071289062,132.01213986314156,130.74475798551163,131.6221681983873,66015800
2021-04-28,130.22805786132812,131.63192609526544,129.740604439872,130.93973569140266,107760100
2021-04-29,130.1305694580078,133.630496551131,129.12641653636294,133.0455464580238,151101000
2021-04-30,128.16128540039062,130.2085812488916,127.78107225167611,128.4732479162047,109839500
2021-05-03,129.21414184570312,130.7057629484472,128.52196634221076,128.7266884414814,75135100
2021-05-04,124.64186096191406,128.19052935599137,123.52071640184118,127.89805427494618,137564700
2021-05-05,124.88558959960938,127.17661206810328,124.75884693241741,125.95797834787251,84000900
2021-05-06,126.48442840576172,126.49417211958026,123.93991332667143,124.68084466410176,78128300
2021-05-07,127.15828704833984,128.18366637628174,126.44538526075344,127.78328683256159,78973300
2021-05-10,123.87699890136719,126.50394796231055,123.83793549239249,126.3770049216638,88071200
2021-05-11,122.95906066894531,123.31061652232037,119.8926457509414,120.6055400758007,126142800
2021-05-12,119.89262390136719,121.7187992057643,119.38481447185008,120.50786329646682,112172300
2021-05-13,122.04106140136719,123.1934058703671,121.34770266713772,121.66020248327753,105861300
2021-05-14,124.46294403076172,124.89263410961189,122.90044481301196,123.29107148009538,81918000
2021-05-17,123.31060791015625,123.95514307259624,122.2363900900074,123.84772054552292,74244600
2021-05-18,121.92387390136719,124.01371786549493,121.8555147978895,123.59379552967953,63342900
2021-05-19,121.76763916015625,121.9922444710152,119.98052713623112,120.27349900757707,92612000
2021-05-20,124.32621765136719,124.72661200774762,122.16801458440843,122.29497252696002,76857100
2021-05-21,122.49029541015625,125.00006198160735,122.27545036153188,124.82428034642234,79295400
2021-05-24,124.12113952636719,124.94145621305331,122.98833046928489,123.05668957229345,63092900
2021-05-25,123.92583465576172,125.31255964913692,123.35942638033971,124.82427074399982,72009500
2021-05-26,123.87699890136719,124.40434374665045,123.45707656811848,123.98442141340175,56575900
2021-05-27,122.34378051757812,124.64846921096527,122.14847094718905,123.4765968874658,94625600
2021-05-28,121.68952178955078,122.85163419877819,121.63093039096276,122.62702141988285,71311100
2021-06-01,121.36721801757812,122.41213986756213,121.03519025710777,122.14847120192876,67637100
2021-06-02,122.12894439697266,122.30472600333286,121.14262130905783,121.36722658627286,59278900
2021-06-03,120.64457702636719,121.92387199310579,120.24418267613345,121.7578580944845,76229200
2021-06-04,122.93949127197266,123.20316740239241,120.94730225008668,121.1621472598856,75169300
2021-06-07,122.94927215576172,123.35942679081123,121.90435013756394,123.21294086384106,71057600
2021-06-08,123.76956939697266,125.44926608565649,123.25199229581943,123.63285119857683,74403800
2021-06-09,124.15045928955078,124.75593106971219,123.55475522616524,124.22858612258803,56877900
2021-06-10,123.15434265136719,125.1855951846905,122.98832875360279,124.04301097808155,71186400
2021-06-11,124.36528778076172,124.45318231886102,123.14458411693292,123.56450647531338,53522400
2021-06-14,127.42191314697266,127.4805045322462,124.0918377902917,124.82425990854335,96906500
2021-06-15,126.60160827636719,127.53911517627388,126.35746756194183,126.89458011391095,62746300
2021-06-16,127.09965515136719,127.82231705994997,125.449276371544,127.31450018091431,91815000
2021-06-17,128.70123291015625,129.4434303366887,126.61138865865254,126.75788205128507,96721700
2021-06-18,127.40241241455078,128.42779161848907,127.18756736772201,127.64655315856818,108953300
2021-06-21,129.19927978515625,129.30670230447237,126.18170388050524,127.24615390753081,79663300
2021-06-22,130.83985900878906,130.93752123375742,128.53517057047182,129.0332270561817,74783600
2021-06-23,130.56646728515625,131.17194646480604,130.10748149302736,130.63483384623305,60214200
2021-06-24,130.28323364257812,131.4844015936428,129.81447281680693,131.2988522960872,68711000
2021-06-25,129.9902801513672,130.7519979740222,129.69730831930764,130.33208310563106,70783700
2021-06-28,131.62115478515625,132.08014056924634,130.22467690249317,130.28326829600795,62111300
2021-06-29,133.13485717773438,133.29111085936526,131.20126629635885,131.64071673742083,64556100
2021-06-30,133.7500457763672,134.18949604999602,132.68558101434905,132.97855283049014,63261400
2021-07-01,134.0528106689453,134.1114020662822,132.57819096384344,133.3985152300678,52485800
2021-07-02,136.6797637939453,136.71881975736173,134.52155301126126,134.66803150053377,78852600
2021-07-06,138.69149780273438,139.7950039901916,136.78720270819528,136.78720270819528,108181800
2021-07-07,141.1817169189453,141.49420932337944,139.31647805419703,140.17584334226723,104911600
2021-07-08,139.88287353515625,140.68364735524526,137.37309975875638,138.2617755637112,105575500
2021-07-09,141.7090606689453,142.2363981441266,139.3067090791504,139.40437134178396,99890800
2021-07-12,141.1133575439453,142.89070940744068,140.62507602995242,142.78328687831547,76299700
2021-07-13,142.22662353515625,144.00397520789517,140.2637374239949,140.65435663279786,100827100
2021-07-14,145.6543426513672,146.0645121600824,144.2187940743634,144.62896358307862,127050800
2021-07-15,145.00006103515625,146.48444087501676,143.64263914576114,145.74225840567044,106820300
2021-07-16,142.95904541015625,146.25005768557594,142.46100368486307,144.98053780920102,93251400
2021-07-19,139.11134338378906,140.69338497400165,138.34962572601242,140.38087778047117,121434600
2021-07-20,142.72467041015625,143.6524171415738,139.6094470898314,140.097728569033,96350000
2021-07-21,141.9922637939453,142.7051655607568,141.24032096218994,142.1192217608621,74993500
2021-07-22,143.35943603515625,144.72661812834664,142.39263340422124,142.5195913490058,77338200
2021-07-23,145.07818603515625,145.23443967973952,143.47662343109712,144.09186284341388,71447400
2021-07-26,145.4981231689453,146.31843249256286,144.23834858516193,144.79499663408214,72434100
2021-07-27,143.33010864257812,145.712923964745,142.1387009814947,145.62502199870536,104818600
2021-07-28,141.58212280273438,143.5254888560812,139.199306307503,141.41610885363005,118931200
2021-07-29,142.22662353515625,143.1152993715257,141.1914692207776,141.29889173837356,56699500
2021-07-30,142.44146728515625,142.90045304700064,140.73248218501953,140.99615834422465,70440600
2021-08-02,142.1094207763672,143.50589840764349,141.84574465184807,142.92972994024274,62880000
2021-08-03,143.9062957763672,144.5703513322944,141.77738110937673,142.39262044590672,64786600
2021-08-04,143.50592041015625,144.32622969980267,142.8516250314263,143.81842770211748,56368300
2021-08-05,143.6133575439453,144.37507551915724,142.74421703883584,143.53523071300444,46397700
2021-08-06,142.9287109375,143.8773972975789,142.42992307824377,143.13410295218878,54126800
2021-08-09,142.8798370361328,143.47643358609363,142.3223698894288,142.98742050984688,48908700
2021-08-10,142.40057373046875,144.46420892889094,142.10716298252666,143.22211188591413,69023100
2021-08-11,142.65484619140625,143.49594899053452,142.332095881143,142.84067348429932,48493500
2021-08-12,145.61830139160156,145.77478914489808,142.63531888467134,142.97763397957073,72282600
2021-08-13,145.8236846923828,146.15620995558572,145.01192130974562,145.69653653501413,59375000
2021-08-16,147.79928588867188,147.8677548726636,143.25147091055382,145.27597699148956,103296000
2021-08-17,146.88975524902344,148.3470047149868,145.8139204751284,146.92886973012176,92229700
2021-08-18,143.1438751220703,147.40806875624398,142.9384831112802,146.50828669516952,86326000
2021-08-19,143.47640991210938,144.74784668525945,141.32475571635126,141.8431082977637,86960300
2021-08-20,144.9336395263672,145.23682512371573,143.5546196253734,144.20012020756056,60549600
2021-08-23,146.4202880859375,146.88973641640624,144.6402734925246,145.05104264712142,60131800
2021-08-24,146.33226013183594,147.54501786684636,145.87258667150505,146.16599748585364,48606400
2021-08-25,145.0999298095703,147.01686722827083,144.55223766808206,146.51806444524348,58991300
2021-08-26,144.2979736328125,145.84325676235127,144.2686340417797,145.09018736118287,48597200
2021-08-27,145.33462524414062,145.48132313000264,143.6035155735297,144.23922631024885,55802400
2021-08-30,149.75535583496094,150.11723565003402,145.3444633733459,145.7258929660488,90956700
2021-08-31,148.4937286376953,149.44241530244025,147.9655861008804,149.30549222317276,86453100
2021-09-01,149.1587677001953,151.57449356451917,148.9925050400125,149.47174324183015,80313700
2021-09-02,150.27369689941406,151.32019193818465,149.05116433458483,150.48886382470346,71115500
2021-09-03,150.909423828125,151.23217421828528,149.72600573087058,150.38128139931968,57808700
2021-09-07,153.24688720703125,153.80435423363667,150.99742455621305,151.56468139327094,82278300
2021-09-08,151.70162963867188,153.58921285674052,150.59645536526742,153.53053367824012,74420200
2021-09-09,150.68443298339844,152.67959892743576,150.56705974658087,152.07322774391739,57305700
2021-09-10,145.69656372070312,152.0635088889551,145.4324924690074,151.5940604931036,140893200
2021-09-13,146.26376342773438,148.09266692388925,145.481339792054,147.32003309737948,102404300
2021-09-14,144.86521911621094,147.7504080093713,143.68181590903453,147.04622803340942,109296300
2021-09-15,145.75521850585938,146.1562127610325,143.15366567640987,145.29554507646444,83281300
2021-09-16,145.52047729492188,145.69652972947753,143.98498428450677,145.1781771600229,68034100
2021-09-17,142.85047912597656,145.54984051172312,142.55706833315722,145.54984051172312,129868800
2021-09-20,139.7990264892578,141.65726975585443,138.1657250042302,140.64012937196273,123478900
2021-09-21,140.27825927734375,141.42256280767091,139.642548359155,140.7672722677942,75834000
2021-09-22,142.64512634277344,143.2123684025319,140.5423610718935,141.27588071728283,76404300
2021-09-23,143.6035614013672,143.8480679048245,142.43970805715156,143.42750895866175,64838200
2021-09-24,143.69158935546875,144.22950668219346,142.3614732946102,142.45928187164873,53477900
2021-09-27,142.17564392089844,142.75269063959104,140.65971546291632,142.27345249653945,74150700
2021-09-28,138.7916717529297,141.5692619814985,138.57650484135823,140.10222299723426,108972300
2021-09-29,139.6914825439453,141.2758801966286,138.90905860704783,139.3393925185162,74602000
2021-09-30,138.3907012939453,141.20742140322028,138.17553434540375,140.50324137590155,89056700
2021-10-01,139.51539611816406,139.77946730384753,136.0531908135578,138.7818766539813,94639600
2021-10-04,136.08258056640625,139.08512850998872,135.23170244978712,138.6450047304298,98322000
2021-10-05,138.00924682617188,139.11442096062234,136.2977013587978,136.42484951189164,80861100
2021-10-06,138.87969970703125,139.02639764577518,135.32946035449564,136.4052949835953,83221100
2021-10-07,140.14137268066406,141.0509448396517,139.58390548679733,139.9164308251386,61732700
2021-10-08,139.7599334716797,141.01180577314355,139.42740815611788,140.86510781730598,58773200
2021-10-11,139.67190551757812,141.62795772548145,138.69387941362646,139.1437779877816,64452200
2021-10-12,138.40049743652344,140.10226858445853,137.94082387800356,140.08270387972445,73035900
2021-10-13,137.81365966796875,138.292882900144,136.14122849083293,138.13641006788947,78762700
2021-10-14,140.60101318359375,140.71838645223315,138.4004546711347,138.98727624385413,69907100
2021-10-15,141.65728759765625,141.71596677210917,140.35651117780878,140.61080749842878,67940300
2021-10-18,143.32968139648438,143.6133023070473,140.01417459106327,140.29779550162618,85589200
2021-10-19,145.4911346435547,145.89212886384934,143.32970565575582,143.7795892346543,76378900
2021-10-20,145.9801788330078,146.45941702243417,144.86522961087866,145.43248657280327,58418800
2021-10-21,146.19532775878906,146.35181550626882,144.62070524306984,145.54005210514717,61421000
2021-10-22,145.42269897460938,146.879948270264,145.37379468633046,146.40072504621372,58883400
2021-10-25,145.37380981445312,146.08776474244283,144.3762189390256,145.41292429505054,50720600
2021-10-26,146.03884887695312,147.52543764586656,145.7356482824783,146.04862376445527,60893400
2021-10-27,145.57920837402344,146.439861297031,145.2271183389535,146.07799637224926,56094900
2021-10-28,149.2174072265625,149.80421376724462,146.43002765698066,146.52783620883923,100077900
2021-10-29,146.50831604003906,146.64523910016035,143.1928080838573,143.9850068548087,124953200
2021-11-01,145.68678283691406,146.4105126416791,144.55226891374826,145.71612242772915,74588300
2021-11-02,146.72348022460938,148.23942366972244,145.38357431484795,145.39336412691904,69122000
2021-11-03,148.16119384765625,148.6306422432943,146.52789189067994,147.0853590623447,54511500
2021-11-04,147.642822265625,149.0805068605867,147.32984675958332,148.24919365421385,60394600
2021-11-05,148.1717071533203,149.07280247570614,146.9767728258522,148.76917431705436,65463900
2021-11-08,147.34901428222656,148.45580172515668,147.0747684469429,148.29908554920112,55020900
2021-11-09,147.71136474609375,148.31862107112684,146.9767746966739,147.1138975747547,56787900
2021-11-10,144.8807373046875,147.0453357776248,144.8121833419343,146.93759531163658,65187100
2021-11-11,144.83180236816406,146.35974762793103,144.6457037886557,145.8994181750369,41000000
2021-11-12,146.90821838378906,147.3097829126506,144.44978082602336,145.3802585513719,63804000
2021-11-15,146.9180145263672,148.7593917575851,146.3597188974358,147.28040751304476,59222800
2021-11-16,147.8975067138672,148.3774444007219,146.27161000683498,146.85928819705393,59256200
2021-11-17,150.33631896972656,151.8152883338415,147.88768528692268,147.89747444135526,88807000
2021-11-18,154.62628173828125,155.40984733718284,149.90532478549125,150.55176752548036,137827700
2021-11-19,157.251220703125,157.7115649216405,153.31381449284626,154.41079733938346,117305600
2021-11-22,157.7116241455078,162.29545985723482,157.69203088867044,158.3580521683808,117467900
2021-11-23,158.0935821533203,158.47556839424874,155.79186060844827,157.8095322884944,96041900
2021-11-24,158.6126708984375,158.80855857074818,156.35992530368637,157.44711907207267,69463600
2021-11-26,153.58811950683594,157.15333007992606,153.14736836762043,156.29142105853995,76959800
2021-11-29,156.94761657714844,157.8780943084946,155.52739720558188,156.09548196515397,88748200
2021-11-30,161.90365600585938,162.11913695746247,156.6341917361946,156.7027606504653,174048100
2021-12-01,161.38455200195312,166.8009284808444,161.1494777894876,164.03886252915143,152052500
2021-12-02,160.39527893066406,160.82624080588923,154.55774519881157,155.47843376037946,136739200
2021-12-03,158.5147705078125,161.5706759695091,156.43833361283723,160.64998717410649,118023100
2021-12-06,161.9232635498047,164.43066217672398,160.90462351682206,160.91441267175034,107497000
2021-12-07,167.66285705566406,168.05464745577578,164.881212468611,165.606013499861,120405400
2021-12-08,171.4827117919922,172.3446356103418,167.19270089919112,168.59332710400926,116998900
2021-12-09,170.97337341308594,173.11837862863902,170.3465238704593,171.3161880617465,108923700
2021-12-10,175.76290893554688,175.93921831838114,171.1007161505561,171.61003610118843,115402700
2021-12-13,172.12916564941406,178.38787299583686,171.92347383588933,177.3986153833375,153237000
2021-12-14,170.74813842773438,174.08807860568035,168.67170169318734,171.64923389641092,139380400
2021-12-15,175.6160125732422,175.81190028087914,168.76962734356553,171.5121000863054,131063300
2021-12-16,168.7206268310547,177.4181772656769,167.2416576691539,175.5963934569458,150185800
2021-12-17,167.62362670898438,169.90575454907355,166.2034225016212,166.43848171398616,195432700
2021-12-20,166.26223754882812,167.0751857762259,164.0192955298341,164.822439656907,107499100
2021-12-21,169.43568420410156,169.64136109142663,165.64518859679046,168.03505777993055,91185900
2021-12-22,172.0312042236328,172.24668517933623,168.6129062856775,169.48461926274177,92135300
2021-12-23,172.65805053710938,173.21634616947264,171.66880794684926,172.23689273327608,68356600
2021-12-27,176.62484741210938,176.71299463822913,173.43183445537653,173.4514127643316,74919600
2021-12-28,175.60618591308594,177.60427913199814,174.86180674158715,176.4583204970068,79144300
2021-12-29,175.6943817138672,176.9186986453212,174.47985393756576,175.64540604755402,62348900
2021-12-30,174.53860473632812,176.85991961465393,174.4308642572052,175.78251482342475,59773000
2021-12-31,173.9215545654297,175.5474359178977,173.61791144491113,174.43085959378186,64062300
2022-01-03,178.2703094482422,179.12244407617163,174.05867174915193,174.17620137564992,104487900
2022-01-04,176.00778198242188,179.18121654083714,175.43969718796814,178.87758836256972,99310400
2022-01-05,171.3260040283203,176.46813489136744,171.05175824457976,175.9196433238863,94537600
2022-01-06,168.46600341796875,171.69820298422886,168.11339955718992,169.15161788468467,96904000
2022-01-07,168.6324920654297,170.5620164817169,167.5159157741246,169.3376997173353,86709100
2022-01-10,168.65208435058594,168.95571251516662,164.71467747425172,165.6059836604726,106765600
2022-01-11,171.4827117919922,171.58064816981238,167.31024547595837,168.77942565072325,76138300
2022-01-12,171.92347717285156,173.53956952156884,171.22807353490404,172.50135116951776,74805200
2022-01-13,168.65208435058594,172.9910557649256,168.26029402106818,172.16831849084767,84505800
2022-01-14,169.51402282714844,170.20942643626557,167.57469415475944,167.8195575274604,80440800
2022-01-18,166.3112030029297,168.99489595879072,165.9292167455851,167.9860600754121,90956700
2022-01-19,162.81454467773438,167.56489994287205,162.53050974989438,166.50708841129685,94815000
2022-01-20,161.12985229492188,166.19362391453956,160.806630921933,163.5491030708596,91420500
2022-01-21,159.07302856445312,162.9124840575923,158.96528809380473,161.0417244969125,122848900
2022-01-24,158.29925537109375,158.9652914615593,151.5214395660685,156.73213888196668,162294600
2022-01-25,156.4970703125,159.41583739515477,153.79378418345803,155.71350456711474,115798400
2022-01-26,156.4088897705078,161.01231699425696,154.5773170002407,160.14060421134545,108275300
2022-01-27,155.94857788085938,160.47364799025604,155.02788925620197,159.11220830674253,121954600
2022-01-28,166.830322265625,166.849915520985,159.45503834907882,162.3052517203285,179935700
2022-01-31,171.18885803222656,171.4043389682656,166.02713461119168,166.6637882659515,115541600
2022-02-01,171.02236938476562,171.2476394960686,168.76962343591478,170.43469133018758,86213900
2022-02-02,172.22706604003906,172.26625254169926,169.7686436179964,171.15946552150538,84914300
2022-02-03,169.3474578857422,172.61884304001376,168.5834855601735,170.89499578620112,89418100
2022-02-04,169.0631103515625,170.7401162961765,167.38610440694853,168.3668057872498,82465400
2022-02-07,168.34719848632812,170.59299800892276,167.65089393875687,169.52403712153145,77251200
2022-02-08,171.45602416992188,171.96599307785382,168.12163049721661,168.4158439042664,74829200
2022-02-09,172.87802124023438,173.2408759269309,171.5246486789991,172.65246413479986,71285000
2022-02-10,168.7982940673828,172.09345086021537,168.23930213729957,170.77931477893978,90865900
2022-02-11,165.3854522705078,169.73976805864703,164.7970255558841,169.00424214752385,98670700
2022-02-14,165.620849609375,166.3073375649639,163.34561528306318,164.1399809862671,86185500
2022-02-15,169.45538330078125,169.61229911156767,166.96440840288716,167.67051458711066,62527400
2022-02-16,169.22003173828125,169.99477926994211,166.76827820676257,168.5335437423192,61177400
2022-02-17,165.620849609375,168.59237351767158,165.21875846241755,167.7293515367512,69589300
2022-02-18,164.07135009765625,167.24881311236203,162.9827709259436,166.54272185911768,82772700
2022-02-22,161.14883422851562,163.47309136847835,159.0206993785114,161.79608567118115,91162800
2022-02-23,156.98085021972656,162.94350042130728,156.66701864895236,162.34527208329274,90009200
2022-02-24,159.59933471679688,159.70721245821238,149.06659738297807,149.63540593186767,141147500
2022-02-25,161.6686248779297,161.9334034703252,157.76542269815738,160.6781069290293,91974200
2022-02-28,161.93341064453125,162.22762405787608,159.29532147992174,159.9131681515143,95056600
2022-03-01,160.05044555664062,163.3848388800103,158.84418717486,161.52149747345592,83474400
2022-03-02,163.34561157226562,164.13017563125035,159.80527916281847,161.21749147612806,79724800
2022-03-03,163.02198791503906,165.6502754224143,162.35511815252505,165.21876441640376,76678400
2022-03-04,160.02105712890625,162.3551314170317,158.97171433702658,161.31559025270195,83737200
2022-03-07,156.22572326660156,161.83533601406552,155.97073134624392,160.2073682314536,96418800
2022-03-08,154.401611328125,159.73662866525098,152.7932618336368,155.75498387793954,131148300
2022-03-09,159.80523681640625,160.25636589418116,156.33356160306687,158.3636050422769,91454900
2022-03-10,155.4607391357422,157.29464536374437,152.96975001662787,157.1083097645613,105342000
2022-03-11,151.74391174316406,156.2061057623046,151.51835462854714,155.86285431301891,96970100
2022-03-14,147.71324157714844,151.14569651195163,147.20328761828517,148.52722554311967,108732100
2022-03-15,152.0969696044922,152.56771702935066,147.4778746009712,147.98782853142856,92964300
2022-03-16,156.51011657714844,156.9122077008172,151.47912909347468,154.01914186419623,102300200
2022-03-17,157.52023315429688,157.89290442537197,154.58794593498652,155.549028989307,75615400
2022-03-18,160.81541442871094,161.30576513800085,156.6768532451588,157.41237930909367,123511700
2022-03-21,162.1884002685547,163.13968181166422,159.8641278042269,160.35447849802293,95811400
2022-03-22,165.56198120117188,166.15039293346567,161.72743597716038,162.31584770945418,81532000
2022-03-23,166.92518615722656,169.30828329467843,164.41457808924804,164.74802792669965,98062700
2022-03-24,170.710693359375,170.77933467330854,166.92518550141648,167.75877268098228,90131400
2022-03-25,171.34812927246094,171.89731959636083,169.4161465488256,170.52434378661113,80546200
2022-03-28,172.2111358642578,172.33861684390223,168.68060557578377,168.84732298325162,90371900
2022-03-29,175.50631713867188,175.55534023387025,172.93686947046768,173.28012092274494,100589400
2022-03-30,174.3392791748047,176.14376602591867,173.289921571538,175.1042250130881,92633200
2022-03-31,171.24026489257812,174.59426174462104,171.03431102289065,174.40792609212167,103049300
2022-04-01,170.946044921875,171.5050518578882,168.62178757896973,170.67144974905557,78751300
2022-04-04,174.99636840820312,175.04540647336353,171.07356262443463,171.20105860098838,76468400
2022-04-05,171.68154907226562,174.85902633621265,171.05390090505156,174.07446238611692,73401800
2022-04-06,168.513916015625,170.27918145157616,166.846726701127,169.03368653783352,89058800
2022-04-07,168.8179473876953,170.01440435655695,166.57214764639596,167.85686415452201,77594700
2022-04-08,166.80751037597656,168.4648982638585,165.93468666135624,168.4648982638585,76575500
2022-04-11,162.55123901367188,165.76793805160875,162.306063690876,165.4541214198734,72246700
2022-04-12,164.42437744140625,166.59171885387798,163.4240579625581,164.77743049486364,79265200
2022-04-13,167.11151123046875,167.73915952284898,163.55157535283024,164.1596054273598,70618900
2022-04-14,162.10012817382812,167.96473333287506,161.85495282329552,167.32726844290085,75329400
2022-04-18,161.88438415527344,163.38485607115766,160.41333208367593,160.75656858845937,69023900
2022-04-19,164.16940307617188,164.5813108194766,160.74676487778993,161.83534399523174,67723800
2022-04-20,164.00267028808594,165.62083637298807,162.89448802131358,165.50314204406817,67929800
2022-04-21,163.20831298828125,168.21969736612456,162.70816069883412,165.65026467883652,87227800
2022-04-22,158.66763305664062,164.63029786624585,158.38323630639394,163.24752061254705,84882400
2022-04-25,159.7366180419922,160.0210148088947,155.40192048493418,158.01057433340998,96046400
2022-04-26,153.77398681640625,159.20706614015833,153.69552890649263,159.11880660312406,95623200
2022-04-27,153.54843139648438,156.70627626102967,152.38139429047249,152.90116485569044,88063200
2022-04-28,160.48193359375,161.34495538360846,155.86282465033622,156.17665619730724,130216800
2022-04-29,154.6075439453125,162.99254251007733,154.2152694364459,158.71668452045293,131747600
2022-05-02,154.91162109375,155.17639973396098,150.31212849909627,153.68574417467673,123055300
2022-05-03,156.4022216796875,157.6084949183751,153.3032172904116,155.09788730053197,88966500
2022-05-04,162.81602478027344,163.267138972668,156.18647479117334,156.58856589280018,108256500
2022-05-05,153.74456787109375,160.91349295341686,151.9596840798174,160.68793581379188,130525300
2022-05-06,154.47134399414062,156.59277501720737,151.4266967858706,153.22401904266582,116124600
2022-05-09,149.34454345703125,153.047223819661,148.78473018495143,152.163286830581,131577900
2022-05-10,151.7507781982422,153.94096598283207,150.1989918029188,152.74275136095326,115366700
2022-05-11,143.8838348388672,152.67400468671187,143.20615431110124,150.75883036017825,142689800
2022-05-12,140.01417541503906,143.58917206052791,136.32132651313492,140.22043185006495,182602000
2022-05-13,144.48294067382812,145.45526685384394,140.55437184575726,142.00793811597927,113990900
2022-05-16,142.94094848632812,144.88560055074495,141.60523468837948,142.95077949813634,86643800
2022-05-17,146.5749053955078,147.0954395557584,144.06060880808,146.2016865687997,78336300
2022-05-18,138.30528259277344,144.72848648816108,137.40169851030006,144.22759932213285,109742900
2022-05-19,134.89723205566406,139.13026237954173,134.160625433561,137.38205052865445,136095600
2022-05-20,135.1329345703125,138.1873972505803,130.2418708685785,136.60614779257094,137426100
2022-05-23,140.55435180664062,140.70166712216994,135.1918495268943,135.32934881682118,117726300
2022-05-24,137.85348510742188,139.43473470985077,134.87759532556828,138.29544611720485,104132700
2022-05-25,138.01065063476562,139.257960660006,135.86957246588344,135.9579616828589,92482700
2022-05-26,141.21240234375,141.76239957025606,134.69097882633443,134.93651437290322,90601500
2022-05-27,146.96775817871094,147.00703727273068,142.66597054796807,142.79365382955837,90978500
2022-05-31,146.18203735351562,147.9695433008326,144.2177530085784,146.40794084331958,103718400
2022-06-01,146.05438232421875,149.0302721781197,145.04276200731988,147.2231190270911,74286600
2022-06-02,148.50973510742188,148.5686612441736,144.23741035730646,145.19008953159607,72348100
2022-06-03,142.78382873535156,145.32757327458623,141.8802597672709,144.27667399411106,88570300
2022-06-06,143.5302734375,145.91688699135824,142.31241160472894,144.40437947478588,71598400
2022-06-07,146.05438232421875,146.33919698612507,141.52670589855168,141.77224146396463,67808200
2022-06-08,145.31776428222656,147.19364446593215,144.82669318974126,145.92668764129223,53950200
2022-06-09,140.09278869628906,145.3079623441927,139.98475243487303,144.45350326791345,69473000
2022-06-10,134.68115234375,138.24631801246798,134.61239520262438,137.77489399581836,91437900
2022-06-13,129.52488708496094,132.78559061450554,129.09274222273643,130.49719803866904,122207100
2022-06-14,130.38922119140625,131.49904691232265,129.132080103246,130.75262407444748,84784300
2022-06-15,133.0115203857422,134.8874157174927,129.79992595411264,131.89187879778933,91533000
2022-06-16,127.73739624023438,130.025789079853,126.73560712471962,129.72132743354433,108123900
2022-06-17,129.2106170654297,130.70347730890373,127.49186832675026,127.747234873443,134520300
2022-06-21,133.44366455078125,134.61241624219525,130.93921376781023,131.03741900238268,81000500
2022-06-22,132.93295288085938,135.29990419534238,131.51866571381353,132.38294065988546,73409200
2022-06-23,135.80081176757812,136.11508949160935,133.20795685254018,134.37670851634957,72433800
2022-06-24,139.1302490234375,139.37578454056782,137.2740011133842,137.4016693916089,89116800
2022-06-27,139.1302490234375,140.9275708071873,138.45256859835,140.15167018072825,70207900
2022-06-28,134.98562622070312,140.85883237422544,134.86777395244602,139.59187553155968,67083400
2022-06-29,136.74366760253906,138.15795490582852,134.22938572393656,135.0052865296894,66242400
2022-06-30,134.27847290039062,135.89900141660408,131.38115662088498,134.79900702917675,98964500
2022-07-01,136.44900512695312,136.55704136561366,133.23741100607202,133.6106148417446,71051600
2022-07-05,139.03204345703125,139.08115356288656,134.4847204054961,135.3097312194843,73353800
2022-07-06,140.36778259277344,141.54635041323854,138.56064426897342,138.8258268991265,74064300
2022-07-07,143.7365264892578,143.93295194501385,140.72134254203155,140.73115856961377,66253700
2022-07-08,144.4141845703125,144.91508669074653,142.41062104747897,142.66597262808202,64547800
2022-07-11,142.28294372558594,144.02133971358117,141.2124122640522,143.06866052706354,63141600
2022-07-12,143.25527954101562,145.79902455570198,142.45974665881124,143.15705931439427,77588800
2022-07-13,142.89187622070312,143.83472435454556,139.58204676627264,140.43652068379964,71185600
2022-07-14,145.81866455078125,146.29008864591398,140.69188068401962,141.50706056941064,78140700
2022-07-15,147.48828125,148.1659617146879,145.55346006304742,147.1052464203459,76259900
2022-07-18,144.4436798095703,148.86332029894717,144.08027695642463,148.04814036588357,81420900
2022-07-19,148.30348205566406,148.52937058051154,144.286523787425,145.27848208027842,82982400
2022-07-20,150.30703735351562,150.97490184976564,147.6847194489196,148.42132610705224,64823400
2022-07-21,152.5758056640625,152.79187815956976,149.2266969700013,151.7409787508479,65086600
2022-07-22,151.33828735351562,153.48918116011728,150.67043785379852,152.61507520531072,66675400
2022-07-25,150.21864318847656,152.27131674461305,149.56060972730697,151.25971149976874,53623900
2022-07-26,148.89276123046875,150.3561434947877,148.1070444852617,149.54096368293668,55138700
2022-07-27,153.99008178710938,154.52044701167125,149.44277321253915,149.85527117258624,78620700
2022-07-28,154.54006958007812,154.82488420275592,151.65256933071927,154.17666680263463,81378700
2022-07-29,159.60791015625,160.7079195187844,156.6516677769687,158.36060045687617,101786900
2022-08-01,158.6257781982422,160.66863573230555,158.01685484186865,158.13470710792794,67829400
2022-08-02,157.15255737304688,159.50970748502837,156.77935355303202,157.24096155464215,59907000
2022-08-03,163.16329956054688,163.61507661089456,157.87936937014717,157.96775857743674,82507500
2022-08-04,162.84902954101562,164.20439085358342,161.49366822844783,163.04545502447235,55474100
2022-08-05,162.622802734375,163.1145559751719,160.31155649978248,160.51809946404907,56697000
2022-08-08,162.1506805419922,165.04219149479044,161.49173311508682,163.62594000712474,60276900
2022-08-09,162.19989013671875,163.08505499075815,160.55743608300256,161.31474028979756,63135500
2022-08-10,166.44863891601562,166.54698055787682,164.14722239112217,164.91435623038078,70170500
2022-08-11,165.71104431152344,168.16981098772024,165.41598930895566,167.2551419804722,57149200
2022-08-12,169.261474609375,169.33031226065586,166.60599505436244,167.0190809905204,68039400
2022-08-15,170.33346557617188,170.53016384292243,168.52381751068145,168.6910117877752,54091700
2022-08-16,170.17613220214844,170.84492444042124,168.82873307006977,169.93025557179138,56377100
2022-08-17,171.67105102539062,173.24465231523857,169.72371248841205,169.9204107737534,79542000
2022-08-18,171.27764892578125,172.01527879196829,170.26463844345383,170.88425233332873,62290100
2022-08-19,168.69102478027344,170.87441022573427,168.48448182965225,170.1761140668042,70346300
2022-08-22,164.80618286132812,167.05840602639253,164.38326728455968,166.89121173091766,69026800
2022-08-23,164.47178649902344,165.92738691269662,163.90135093265715,164.32426652803133,54147100
2022-08-24,164.76683044433594,165.33726597260625,163.50794341888323,164.56030249873976,53841500
2022-08-25,167.22560119628906,167.33378750652878,165.57331755675585,165.9962181286182,51218200
2022-08-26,160.9213409423828,168.22880259575382,160.86233294904275,167.75672364191396,78961000
2022-08-29,158.71827697753906,160.21319598841637,157.18400930436007,158.49205968709833,73314000
2022-08-30,156.28903198242188,159.8788249449609,155.11865676791015,159.45592432505862,77906200
2022-08-31,154.6268768310547,157.9314589229971,154.54819451849457,157.66590799399623,87991100
2022-09-01,155.35470581054688,155.80711043286672,152.11896076188796,154.056469922945,74229900
2022-09-02,153.24012756347656,157.71508462008887,152.41398580114964,157.11514512449315,76957800
2022-09-06,151.98123168945312,154.49900548839526,151.1550899755094,153.8892363672152,73714800
2022-09-07,153.38768005371094,154.08596126340717,151.07643378022465,152.26648324611122,87449600
2022-09-08,151.91241455078125,153.78107082360773,150.1617592438652,152.08943851032333,84923800
2022-09-09,154.77444458007812,155.21703460078473,152.19766182830105,152.9057878528861,68028800
2022-09-12,160.7344512939453,161.5507634451195,156.67257987610813,156.9577901423654,104956000
2022-09-13,151.30264282226562,157.89213365235918,150.84039354694787,157.26269006575274,122656600
2022-09-14,152.74838256835938,154.50886749732993,151.07642462426648,152.23695501832623,87965400
2022-09-15,149.8568878173828,152.6795618131171,148.88322594006283,152.09928154477043,90481100
2022-09-16,148.21441650390625,148.85370468985187,145.92284471335466,148.71601438946803,162278800
2022-09-19,151.9320831298828,152.01076545240036,146.64082825286496,146.8473562182448,81474200
2022-09-20,154.31214904785156,155.47269441025097,150.5551623818667,150.86987662798256,107689800
2022-09-21,151.18463134765625,156.12183853779936,151.06661536137307,154.74492033364538,101696800
2022-09-22,150.2207794189453,151.9222413623521,148.42096082844884,149.8667164993867,86652500
2022-09-23,147.94886779785156,148.97172290795524,146.10971554201328,148.69634230303134,96029900
2022-09-26,148.2832489013672,151.2337677983502,147.17188198122673,147.1915563091989,93339400
2022-09-27,149.25692749023438,152.16811306913462,147.47678328794686,150.22077457787657,84442700
2022-09-28,147.36859130859375,148.15539940831013,142.45105944426174,145.20488028971093,146691400
2022-09-29,140.13002014160156,144.30009364647282,138.35970520995244,143.69032433945154,128138200
2022-09-30,135.92059326171875,140.739784043771,135.72389496609006,138.9497950371784,124925300
2022-10-03,140.1005096435547,140.71029392940602,135.41902371449189,135.930451339268,114311700
2022-10-04,143.69027709960938,143.80829305388013,141.8806140938045,142.63791815031084,87830100
2022-10-05,143.98532104492188,144.94916805569278,140.65123517873155,141.69376449693982,79471000
2022-10-06,143.0313262939453,145.1065253655181,142.8247983571862,143.40506352233135,68402200
2022-10-07,137.77940368652344,140.73976746295003,137.14996021039673,140.18899129011245,85925600
2022-10-10,138.10397338867188,139.5497290653031,136.28449546728626,138.10397338867188,74899000
2022-10-11,136.68772888183594,139.0186494867963,135.9402693459634,137.5925530590874,77033700
2022-10-12,136.05825805664062,138.04494498633176,135.88123412590454,136.83523643828954,70433700
2022-10-13,140.63157653808594,141.2216713360496,132.15374170783133,132.76352584164425,113224000
2022-10-14,136.09765625,142.13638653487928,135.91078758368462,141.9298435333937,88598000
2022-10-17,140.0611572265625,140.5430657827838,137.95645402263972,138.7432621845146,85250900
2022-10-18,141.3790740966797,144.2804155723702,138.2908639653918,143.09038098743915,99136600
2022-10-19,141.4872589111328,142.55927749459596,139.16618275396215,139.35305140756245,61758300
2022-10-20,141.02499389648438,143.4837601022304,140.29719369702107,140.6611013003117,64522000
2022-10-21,144.84100341796875,145.41143897685419,140.29719327846567,140.51356590449524,86548600
2022-10-24,146.9850311279297,147.75216493318766,143.5919369881937,144.76231202642796,75981900
2022-10-25,149.82736206054688,149.97489702549265,146.89651717711538,147.61447265041116,74732300
2022-10-26,146.88668823242188,149.48314455270017,145.59828223025528,148.47013415168624,88194300
2022-10-27,142.4117431640625,146.5916457586151,141.75279561471663,145.62781359762897,109180200
2022-10-28,153.1712646484375,154.9022301992137,145.3818971592736,145.75561931936116,164762400
2022-10-31,150.81085205078125,151.69601672276417,149.41427490924212,150.63382812065376,97943200
2022-11-01,148.16525268554688,152.88608702918296,146.6703335656384,152.52219441549875,80379300
2022-11-02,142.63795471191406,149.66019092618583,142.60845071578376,146.49329861316923,93604600
2022-11-03,136.5894012451172,140.444745311601,136.46154058499346,139.71694502591794,97918500
2022-11-04,136.3234100341797,140.54964571240953,132.38285778027205,139.97826383175124,140814800
2022-11-07,136.85537719726562,137.08195474161485,133.65367850914586,135.0722797176196,83374600
2022-11-08,137.42674255371094,139.3280515614897,135.44662070693448,138.32322168629616,89908500
2022-11-09,132.8655548095703,136.49087039963513,132.58971737719733,136.44161049413725,74917800
2022-11-10,144.68722534179688,144.68722534179688,137.42676248525757,139.14090816003963,118854000
2022-11-11,147.47518920898438,147.78057965347278,142.2244006682819,143.65286311949495,93979700
2022-11-14,146.0762481689453,148.04652398997993,145.23887493220099,146.7559957323241,73374100
2022-11-15,147.8101043701172,151.3073474058049,146.35210428518187,149.95771310615612,89868300
2022-11-16,146.57867431640625,147.64262514508096,145.10096733747125,146.91363265596118,64218300
2022-11-17,148.48001098632812,149.22871050736455,143.97792279490108,144.2537602517047,80389400
2022-11-18,149.0415496826172,150.4305981338356,147.74117509255214,150.04639484222366,74829600
2022-11-21,145.81028747558594,148.13521403601513,145.52460403537026,147.9283434491039,58724100
2022-11-22,147.94798278808594,148.18442126393765,144.74628504197318,145.92846238922232,51804100
2022-11-23,148.82479858398438,149.57349802080938,147.1204990929822,147.22886486968167,58301400
2022-11-25,145.90879821777344,146.66735873059727,144.93350612985708,146.1058228227629,35195900
2022-11-28,142.07659912109375,144.46063120272478,141.24908683464577,142.9829242489195,69246000
2022-11-29,139.07191467285156,142.6578160052338,138.26410941652946,142.14554009146167,83763800
2022-11-30,145.82997131347656,146.50971891238402,138.4611435666205,139.29850181511986,111380900
2022-12-01,146.10580444335938,146.9136247638141,144.43107296360157,146.00729966926298,71250400
2022-12-02,145.61326599121094,145.8004446428343,143.48536400225353,143.79076945238455,65447400
2022-12-05,144.4508056640625,148.67704153557165,143.60358628944576,145.57386250650663,68826400
2022-12-06,140.7860870361328,145.11084261882044,139.81079492252832,144.88426506871545,64727200
2022-12-07,138.8453369140625,141.23921477643742,137.91930489039092,140.07675927915528,69721100
2022-12-08,140.52993774414062,141.38701807504808,139.00298578220685,140.24425432184734,62128300
2022-12-09,140.0472412109375,143.4065658669265,138.80595753740835,140.22455886029022,76097000
2022-12-12,142.3425750732422,142.352421040337,138.96354439037955,140.5791698825673,70462700
2022-12-13,143.30804443359375,147.7411660018872,142.09632874722436,147.2781498799709,93886200
2022-12-14,141.0816192626953,144.48034234830936,139.06208336103646,143.1898139764628,82291200
2022-12-15,134.47134399414062,139.69257867211073,134.00832790749715,139.01283101163355,98931900
2022-12-16,132.5109100341797,135.60424282446493,131.74250357896327,134.6585187405124,160156900
2022-12-19,130.4027099609375,133.1906522558453,129.36832710470327,133.10199344508453,79592600
2022-12-20,130.33377075195312,131.26964891983806,127.95958437581338,129.43729149310985,77432800
2022-12-21,133.43695068359375,134.7767390812449,130.77708085896677,131.00365840968308,85928000
2022-12-22,130.26478576660156,132.56015897362735,128.36347675529532,132.35328842388512,77852100
2022-12-23,129.90029907226562,130.4519739547497,127.71329147955147,128.974266934376,63814900
2022-12-27,128.0974884033203,129.45698360544398,126.80696007412172,129.42743066905106,69007800
2022-12-28,124.16679382324219,129.08263031505834,123.99932216789122,127.7428420402377,85438400
2022-12-29,127.68372344970703,128.54078860997595,125.83166690884427,126.08779735057679,75703700
2022-12-30,127.99897766113281,128.0186846307949,125.53614008985218,126.50157867111179,77034200
